  0
SECTION
  2
HEADER
  9
$ACADVER
  1
AC1024
  9
$ACADMAINTVER
 70
6
  9
$DWGCODEPAGE
  3
ANSI_1252
  9
$LASTSAVEDBY
  1
ezdxf
  9
$INSBASE
 10
0.0
 20
0.0
 30
0.0
  9
$EXTMIN
 10
1e+20
 20
1e+20
 30
1e+20
  9
$EXTMAX
 10
-1e+20
 20
-1e+20
 30
-1e+20
  9
$LIMMIN
 10
0.0
 20
0.0
  9
$LIMMAX
 10
420.0
 20
297.0
  9
$ORTHOMODE
 70
0
  9
$REGENMODE
 70
1
  9
$FILLMODE
 70
1
  9
$QTEXTMODE
 70
0
  9
$MIRRTEXT
 70
1
  9
$LTSCALE
 40
30.0
  9
$ATTMODE
 70
1
  9
$TEXTSIZE
 40
2.5
  9
$TRACEWID
 40
1.0
  9
$TEXTSTYLE
  7
OpenSans
  9
$CLAYER
  8
0
  9
$CELTYPE
  6
ByLayer
  9
$CECOLOR
 62
256
  9
$CELTSCALE
 40
1.0
  9
$DISPSILH
 70
0
  9
$DIMSCALE
 40
1.0
  9
$DIMASZ
 40
0.175
  9
$DIMEXO
 40
0.125
  9
$DIMDLI
 40
3.75
  9
$DIMRND
 40
0.0
  9
$DIMDLE
 40
0.0
  9
$DIMEXE
 40
0.375
  9
$DIMTP
 40
0.0
  9
$DIMTM
 40
0.0
  9
$DIMTXT
 40
0.25
  9
$DIMCEN
 40
2.5
  9
$DIMTSZ
 40
0.0
  9
$DIMTOL
 70
0
  9
$DIMLIM
 70
0
  9
$DIMTIH
 70
0
  9
$DIMTOH
 70
0
  9
$DIMSE1
 70
0
  9
$DIMSE2
 70
0
  9
$DIMTAD
 70
1
  9
$DIMZIN
 70
12
  9
$DIMBLK
  1
ARCHTICK
  9
$DIMASO
 70
1
  9
$DIMSHO
 70
1
  9
$DIMPOST
  1

  9
$DIMAPOST
  1

  9
$DIMALT
 70
0
  9
$DIMALTD
 70
3
  9
$DIMALTF
 40
0.03937007874
  9
$DIMLFAC
 40
100.0
  9
$DIMTOFL
 70
1
  9
$DIMTVP
 40
0.0
  9
$DIMTIX
 70
0
  9
$DIMSOXD
 70
0
  9
$DIMSAH
 70
0
  9
$DIMBLK1
  1

  9
$DIMBLK2
  1

  9
$DIMSTYLE
  2
EZDXF
  9
$DIMCLRD
 70
0
  9
$DIMCLRE
 70
0
  9
$DIMCLRT
 70
0
  9
$DIMTFAC
 40
0.5
  9
$DIMGAP
 40
0.1
  9
$DIMJUST
 70
0
  9
$DIMSD1
 70
0
  9
$DIMSD2
 70
0
  9
$DIMTOLJ
 70
0
  9
$DIMTZIN
 70
8
  9
$DIMALTZ
 70
0
  9
$DIMALTTZ
 70
0
  9
$DIMUPT
 70
1
  9
$DIMDEC
 70
2
  9
$DIMTDEC
 70
2
  9
$DIMALTU
 70
2
  9
$DIMALTTD
 70
3
  9
$DIMTXSTY
  7
OpenSansCondensed-Light
  9
$DIMAUNIT
 70
0
  9
$DIMADEC
 70
2
  9
$DIMALTRND
 40
0.0
  9
$DIMAZIN
 70
3
  9
$DIMDSEP
 70
46
  9
$DIMATFIT
 70
3
  9
$DIMFRAC
 70
0
  9
$DIMLDRBLK
  1

  9
$DIMLUNIT
 70
2
  9
$DIMLWD
 70
-2
  9
$DIMLWE
 70
-2
  9
$DIMTMOVE
 70
2
  9
$DIMFXL
 40
1.0
  9
$DIMFXLON
 70
0
  9
$DIMJOGANG
 40
0.785398163397
  9
$DIMTFILL
 70
0
  9
$DIMTFILLCLR
 70
0
  9
$DIMARCSYM
 70
0
  9
$DIMLTYPE
  6

  9
$DIMLTEX1
  6

  9
$DIMLTEX2
  6

  9
$DIMTXTDIRECTION
 70
0
  9
$LUNITS
 70
2
  9
$LUPREC
 70
4
  9
$SKETCHINC
 40
1.0
  9
$FILLETRAD
 40
10.0
  9
$AUNITS
 70
0
  9
$AUPREC
 70
2
  9
$MENU
  1
.
  9
$ELEVATION
 40
0.0
  9
$PELEVATION
 40
0.0
  9
$THICKNESS
 40
0.0
  9
$LIMCHECK
 70
0
  9
$CHAMFERA
 40
0.0
  9
$CHAMFERB
 40
0.0
  9
$CHAMFERC
 40
0.0
  9
$CHAMFERD
 40
0.0
  9
$SKPOLY
 70
0
  9
$TDCREATE
 40
2461242.2786805555
  9
$TDUCREATE
 40
2458532.153996898
  9
$TDUPDATE
 40
2461242.2786805555
  9
$TDUUPDATE
 40
2458532.1544311
  9
$TDINDWG
 40
0.0
  9
$TDUSRTIMER
 40
0.0
  9
$USRTIMER
 70
1
  9
$ANGBASE
 50
0.0
  9
$ANGDIR
 70
0
  9
$PDMODE
 70
0
  9
$PDSIZE
 40
0.0
  9
$PLINEWID
 40
0.0
  9
$SPLFRAME
 70
0
  9
$SPLINETYPE
 70
6
  9
$SPLINESEGS
 70
8
  9
$HANDSEED
  5
3E9
  9
$SURFTAB1
 70
6
  9
$SURFTAB2
 70
6
  9
$SURFTYPE
 70
6
  9
$SURFU
 70
6
  9
$SURFV
 70
6
  9
$UCSBASE
  2

  9
$UCSNAME
  2

  9
$UCSORG
 10
0.0
 20
0.0
 30
0.0
  9
$UCSXDIR
 10
1.0
 20
0.0
 30
0.0
  9
$UCSYDIR
 10
0.0
 20
1.0
 30
0.0
  9
$UCSORTHOREF
  2

  9
$UCSORTHOVIEW
 70
0
  9
$UCSORGTOP
 10
0.0
 20
0.0
 30
0.0
  9
$UCSORGBOTTOM
 10
0.0
 20
0.0
 30
0.0
  9
$UCSORGLEFT
 10
0.0
 20
0.0
 30
0.0
  9
$UCSORGRIGHT
 10
0.0
 20
0.0
 30
0.0
  9
$UCSORGFRONT
 10
0.0
 20
0.0
 30
0.0
  9
$UCSORGBACK
 10
0.0
 20
0.0
 30
0.0
  9
$PUCSBASE
  2

  9
$PUCSNAME
  2

  9
$PUCSORG
 10
0.0
 20
0.0
 30
0.0
  9
$PUCSXDIR
 10
1.0
 20
0.0
 30
0.0
  9
$PUCSYDIR
 10
0.0
 20
1.0
 30
0.0
  9
$PUCSORTHOREF
  2

  9
$PUCSORTHOVIEW
 70
0
  9
$PUCSORGTOP
 10
0.0
 20
0.0
 30
0.0
  9
$PUCSORGBOTTOM
 10
0.0
 20
0.0
 30
0.0
  9
$PUCSORGLEFT
 10
0.0
 20
0.0
 30
0.0
  9
$PUCSORGRIGHT
 10
0.0
 20
0.0
 30
0.0
  9
$PUCSORGFRONT
 10
0.0
 20
0.0
 30
0.0
  9
$PUCSORGBACK
 10
0.0
 20
0.0
 30
0.0
  9
$USERI1
 70
0
  9
$USERI2
 70
0
  9
$USERI3
 70
0
  9
$USERI4
 70
0
  9
$USERI5
 70
0
  9
$USERR1
 40
0.0
  9
$USERR2
 40
0.0
  9
$USERR3
 40
0.0
  9
$USERR4
 40
0.0
  9
$USERR5
 40
0.0
  9
$WORLDVIEW
 70
1
  9
$SHADEDGE
 70
3
  9
$SHADEDIF
 70
70
  9
$TILEMODE
 70
1
  9
$MAXACTVP
 70
64
  9
$PINSBASE
 10
0.0
 20
0.0
 30
0.0
  9
$PLIMCHECK
 70
0
  9
$PEXTMIN
 10
1e+20
 20
1e+20
 30
1e+20
  9
$PEXTMAX
 10
-1e+20
 20
-1e+20
 30
-1e+20
  9
$PLIMMIN
 10
0.0
 20
0.0
  9
$PLIMMAX
 10
420.0
 20
297.0
  9
$UNITMODE
 70
0
  9
$VISRETAIN
 70
1
  9
$PLINEGEN
 70
0
  9
$PSLTSCALE
 70
1
  9
$TREEDEPTH
 70
3020
  9
$CMLSTYLE
  2
Standard
  9
$CMLJUST
 70
0
  9
$CMLSCALE
 40
20.0
  9
$PROXYGRAPHICS
 70
1
  9
$MEASUREMENT
 70
1
  9
$CELWEIGHT
370
-1
  9
$ENDCAPS
280
0
  9
$JOINSTYLE
280
0
  9
$LWDISPLAY
290
0
  9
$INSUNITS
 70
4
  9
$HYPERLINKBASE
  1

  9
$STYLESHEET
  1

  9
$XEDIT
290
1
  9
$CEPSNTYPE
380
0
  9
$PSTYLEMODE
290
1
  9
$FINGERPRINTGUID
  2
{D9F6BEFB-9719-45CA-A934-D36BC0987D4D}
  9
$VERSIONGUID
  2
{C1068DB5-F753-4934-95E0-4D72536B4C65}
  9
$EXTNAMES
290
1
  9
$PSVPSCALE
 40
0.0
  9
$OLESTARTUP
290
0
  9
$SORTENTS
280
127
  9
$INDEXCTL
280
0
  9
$HIDETEXT
280
1
  9
$XCLIPFRAME
280
1
  9
$HALOGAP
280
0
  9
$OBSCOLOR
 70
257
  9
$OBSLTYPE
280
0
  9
$INTERSECTIONDISPLAY
280
0
  9
$INTERSECTIONCOLOR
 70
257
  9
$DIMASSOC
280
2
  9
$PROJECTNAME
  1

  9
$CAMERADISPLAY
290
0
  9
$LENSLENGTH
 40
50.0
  9
$CAMERAHEIGHT
 40
0.0
  9
$STEPSPERSEC
 40
24.0
  9
$STEPSIZE
 40
100.0
  9
$3DDWFPREC
 40
2.0
  9
$PSOLWIDTH
 40
0.005
  9
$PSOLHEIGHT
 40
0.08
  9
$LOFTANG1
 40
1.570796326795
  9
$LOFTANG2
 40
1.570796326795
  9
$LOFTMAG1
 40
0.0
  9
$LOFTMAG2
 40
0.0
  9
$LOFTPARAM
 70
7
  9
$LOFTNORMALS
280
1
  9
$LATITUDE
 40
37.795
  9
$LONGITUDE
 40
-122.394
  9
$NORTHDIRECTION
 40
0.0
  9
$TIMEZONE
 70
-8000
  9
$LIGHTGLYPHDISPLAY
280
1
  9
$TILEMODELIGHTSYNCH
280
1
  9
$CMATERIAL
347
20
  9
$SOLIDHIST
280
0
  9
$SHOWHIST
280
1
  9
$DWFFRAME
280
2
  9
$DGNFRAME
280
2
  9
$REALWORLDSCALE
290
1
  9
$INTERFERECOLOR
 62
256
  9
$CSHADOW
280
0
  9
$SHADOWPLANELOCATION
 40
0.0
  0
ENDSEC
  0
SECTION
  2
CLASSES
  0
CLASS
  1
ACDBDICTIONARYWDFLT
  2
AcDbDictionaryWithDefault
  3
ObjectDBX Classes
 90
0
 91
0
280
0
281
0
  0
CLASS
  1
SUN
  2
AcDbSun
  3
SCENEOE
 90
1153
 91
0
280
0
281
0
  0
CLASS
  1
VISUALSTYLE
  2
AcDbVisualStyle
  3
ObjectDBX Classes
 90
4095
 91
0
280
0
281
0
  0
CLASS
  1
MATERIAL
  2
AcDbMaterial
  3
ObjectDBX Classes
 90
1153
 91
0
280
0
281
0
  0
CLASS
  1
SCALE
  2
AcDbScale
  3
ObjectDBX Classes
 90
1153
 91
0
280
0
281
0
  0
CLASS
  1
TABLESTYLE
  2
AcDbTableStyle
  3
ObjectDBX Classes
 90
4095
 91
0
280
0
281
0
  0
CLASS
  1
MLEADERSTYLE
  2
AcDbMLeaderStyle
  3
ACDB_MLEADERSTYLE_CLASS
 90
4095
 91
0
280
0
281
0
  0
CLASS
  1
DICTIONARYVAR
  2
AcDbDictionaryVar
  3
ObjectDBX Classes
 90
0
 91
0
280
0
281
0
  0
CLASS
  1
CELLSTYLEMAP
  2
AcDbCellStyleMap
  3
ObjectDBX Classes
 90
1152
 91
0
280
0
281
0
  0
CLASS
  1
MENTALRAYRENDERSETTINGS
  2
AcDbMentalRayRenderSettings
  3
SCENEOE
 90
1024
 91
0
280
0
281
0
  0
CLASS
  1
ACDBDETAILVIEWSTYLE
  2
AcDbDetailViewStyle
  3
ObjectDBX Classes
 90
1025
 91
0
280
0
281
0
  0
CLASS
  1
ACDBSECTIONVIEWSTYLE
  2
AcDbSectionViewStyle
  3
ObjectDBX Classes
 90
1025
 91
0
280
0
281
0
  0
CLASS
  1
RASTERVARIABLES
  2
AcDbRasterVariables
  3
ISM
 90
0
 91
0
280
0
281
0
  0
CLASS
  1
LAYOUT
  2
AcDbLayout
  3
ObjectDBX Classes
 90
0
 91
0
280
0
281
0
  0
CLASS
  1
ACDBPLACEHOLDER
  2
AcDbPlaceHolder
  3
ObjectDBX Classes
 90
0
 91
0
280
0
281
0
  0
ENDSEC
  0
SECTION
  2
TABLES
  0
TABLE
  2
VPORT
  5
8
330
0
100
AcDbSymbolTable
 70
1
  0
VPORT
  5
23
330
8
100
AcDbSymbolTableRecord
100
AcDbViewportTableRecord
  2
*Active
 70
0
 10
0.0
 20
0.0
 11
1.0
 21
1.0
 12
0.0
 22
0.0
 13
0.0
 23
0.0
 14
0.5
 24
0.5
 15
0.5
 25
0.5
 16
0.0
 26
0.0
 36
1.0
 17
0.0
 27
0.0
 37
0.0
 40
1000.0
 41
1.34
 42
50.0
 43
0.0
 44
0.0
 50
0.0
 51
0.0
 71
0
 72
1000
 73
1
 74
3
 75
0
 76
0
 77
0
 78
0
281
0
 65
0
146
0.0
  0
ENDTAB
  0
TABLE
  2
LTYPE
  5
2
330
0
100
AcDbSymbolTable
 70
21
  0
LTYPE
  5
24
330
2
100
AcDbSymbolTableRecord
100
AcDbLinetypeTableRecord
  2
ByBlock
 70
0
  3

 72
65
 73
0
 40
0.0
  0
LTYPE
  5
25
330
2
100
AcDbSymbolTableRecord
100
AcDbLinetypeTableRecord
  2
ByLayer
 70
0
  3

 72
65
 73
0
 40
0.0
  0
LTYPE
  5
26
330
2
100
AcDbSymbolTableRecord
100
AcDbLinetypeTableRecord
  2
Continuous
 70
0
  3

 72
65
 73
0
 40
0.0
  0
LTYPE
  5
2F
330
2
100
AcDbSymbolTableRecord
100
AcDbLinetypeTableRecord
  2
CENTER
 70
0
  3
Center ____ _ ____ _ ____ _ ____ _ ____ _ ____
 72
65
 73
4
 40
5.08
 49
3.175
 74
0
 49
-0.635
 74
0
 49
0.635
 74
0
 49
-0.635
 74
0
  0
LTYPE
  5
30
330
2
100
AcDbSymbolTableRecord
100
AcDbLinetypeTableRecord
  2
CENTERX2
 70
0
  3
Center (2x) ________  __  ________  __  ________
 72
65
 73
4
 40
8.89
 49
6.35
 74
0
 49
-0.635
 74
0
 49
1.27
 74
0
 49
-0.635
 74
0
  0
LTYPE
  5
31
330
2
100
AcDbSymbolTableRecord
100
AcDbLinetypeTableRecord
  2
CENTER2
 70
0
  3
Center (.5x) ____ _ ____ _ ____ _ ____ _ ____
 72
65
 73
4
 40
2.54
 49
1.587
 74
0
 49
-0.318
 74
0
 49
0.318
 74
0
 49
-0.318
 74
0
  0
LTYPE
  5
32
330
2
100
AcDbSymbolTableRecord
100
AcDbLinetypeTableRecord
  2
DASHED
 70
0
  3
Dashed __ __ __ __ __ __ __ __ __ __ __ __ __ _
 72
65
 73
2
 40
1.524
 49
1.27
 74
0
 49
-0.254
 74
0
  0
LTYPE
  5
33
330
2
100
AcDbSymbolTableRecord
100
AcDbLinetypeTableRecord
  2
DASHEDX2
 70
0
  3
Dashed (2x) ____  ____  ____  ____  ____  ____
 72
65
 73
2
 40
3.048
 49
2.54
 74
0
 49
-0.508
 74
0
  0
LTYPE
  5
34
330
2
100
AcDbSymbolTableRecord
100
AcDbLinetypeTableRecord
  2
DASHED2
 70
0
  3
Dashed (.5x) _ _ _ _ _ _ _ _ _ _ _ _ _ _
 72
65
 73
2
 40
0.762
 49
0.635
 74
0
 49
-0.127
 74
0
  0
LTYPE
  5
35
330
2
100
AcDbSymbolTableRecord
100
AcDbLinetypeTableRecord
  2
PHANTOM
 70
0
  3
Phantom ______  __  __  ______  __  __  ______
 72
65
 73
6
 40
6.35
 49
3.175
 74
0
 49
-0.635
 74
0
 49
0.635
 74
0
 49
-0.635
 74
0
 49
0.635
 74
0
 49
-0.635
 74
0
  0
LTYPE
  5
36
330
2
100
AcDbSymbolTableRecord
100
AcDbLinetypeTableRecord
  2
PHANTOMX2
 70
0
  3
Phantom (2x)____________    ____    ____    ____________
 72
65
 73
6
 40
10.795
 49
6.35
 74
0
 49
-0.635
 74
0
 49
1.27
 74
0
 49
-0.635
 74
0
 49
1.27
 74
0
 49
-0.635
 74
0
  0
LTYPE
  5
37
330
2
100
AcDbSymbolTableRecord
100
AcDbLinetypeTableRecord
  2
PHANTOM2
 70
0
  3
Phantom (.5x) ___ _ _ ___ _ _ ___ _ _ ___ _ _ ___
 72
65
 73
6
 40
3.175
 49
1.587
 74
0
 49
-0.318
 74
0
 49
0.318
 74
0
 49
-0.318
 74
0
 49
0.318
 74
0
 49
-0.318
 74
0
  0
LTYPE
  5
38
330
2
100
AcDbSymbolTableRecord
100
AcDbLinetypeTableRecord
  2
DASHDOT
 70
0
  3
Dash dot __ . __ . __ . __ . __ . __ . __ . __
 72
65
 73
4
 40
3.556
 49
2.54
 74
0
 49
-0.508
 74
0
 49
0.0
 74
0
 49
-0.508
 74
0
  0
LTYPE
  5
39
330
2
100
AcDbSymbolTableRecord
100
AcDbLinetypeTableRecord
  2
DASHDOTX2
 70
0
  3
Dash dot (2x) ____  .  ____  .  ____  .  ____
 72
65
 73
4
 40
6.096
 49
5.08
 74
0
 49
-0.508
 74
0
 49
0.0
 74
0
 49
-0.508
 74
0
  0
LTYPE
  5
3A
330
2
100
AcDbSymbolTableRecord
100
AcDbLinetypeTableRecord
  2
DASHDOT2
 70
0
  3
Dash dot (.5x) _ . _ . _ . _ . _ . _ . _ . _
 72
65
 73
4
 40
1.778
 49
1.27
 74
0
 49
-0.254
 74
0
 49
0.0
 74
0
 49
-0.254
 74
0
  0
LTYPE
  5
3B
330
2
100
AcDbSymbolTableRecord
100
AcDbLinetypeTableRecord
  2
DOT
 70
0
  3
Dot .  .  .  .  .  .  .  .  .  .  .  .  .  .  .  .
 72
65
 73
2
 40
0.508
 49
0.0
 74
0
 49
-0.508
 74
0
  0
LTYPE
  5
3C
330
2
100
AcDbSymbolTableRecord
100
AcDbLinetypeTableRecord
  2
DOTX2
 70
0
  3
Dot (2x) .    .    .    .    .    .    .    . 
 72
65
 73
2
 40
1.016
 49
0.0
 74
0
 49
-1.016
 74
0
  0
LTYPE
  5
3D
330
2
100
AcDbSymbolTableRecord
100
AcDbLinetypeTableRecord
  2
DOT2
 70
0
  3
Dot (.5) . . . . . . . . . . . . . . . . . . . 
 72
65
 73
2
 40
0.254
 49
0.0
 74
0
 49
-0.254
 74
0
  0
LTYPE
  5
3E
330
2
100
AcDbSymbolTableRecord
100
AcDbLinetypeTableRecord
  2
DIVIDE
 70
0
  3
Divide __ . . __ . . __ . . __ . . __ . . __
 72
65
 73
6
 40
4.064
 49
2.54
 74
0
 49
-0.508
 74
0
 49
0.0
 74
0
 49
-0.508
 74
0
 49
0.0
 74
0
 49
-0.508
 74
0
  0
LTYPE
  5
3F
330
2
100
AcDbSymbolTableRecord
100
AcDbLinetypeTableRecord
  2
DIVIDEX2
 70
0
  3
Divide (2x) ____  . .  ____  . .  ____  . .  ____
 72
65
 73
6
 40
6.604
 49
5.08
 74
0
 49
-0.508
 74
0
 49
0.0
 74
0
 49
-0.508
 74
0
 49
0.0
 74
0
 49
-0.508
 74
0
  0
LTYPE
  5
40
330
2
100
AcDbSymbolTableRecord
100
AcDbLinetypeTableRecord
  2
DIVIDE2
 70
0
  3
Divide(.5x) _ . _ . _ . _ . _ . _ . _ . _
 72
65
 73
6
 40
2.032
 49
1.27
 74
0
 49
-0.254
 74
0
 49
0.0
 74
0
 49
-0.254
 74
0
 49
0.0
 74
0
 49
-0.254
 74
0
  0
ENDTAB
  0
TABLE
  2
LAYER
  5
1
330
0
100
AcDbSymbolTable
 70
15
  0
LAYER
  5
27
330
1
100
AcDbSymbolTableRecord
100
AcDbLayerTableRecord
  2
0
 70
0
 62
7
  6
Continuous
370
-3
390
13
347
21
  0
LAYER
  5
28
330
1
100
AcDbSymbolTableRecord
100
AcDbLayerTableRecord
  2
Defpoints
 70
0
 62
7
  6
Continuous
290
0
370
-3
390
13
347
21
  0
LAYER
  5
8C
330
1
100
AcDbSymbolTableRecord
100
AcDbLayerTableRecord
  2
01通り芯
 70
0
 62
1
  6
CENTER
370
-3
390
13
347
21
  0
LAYER
  5
8D
330
1
100
AcDbSymbolTableRecord
100
AcDbLayerTableRecord
  2
02柱・壁(断面線)
 70
0
 62
7
  6
CONTINUOUS
370
-3
390
13
347
21
  0
LAYER
  5
8E
330
1
100
AcDbSymbolTableRecord
100
AcDbLayerTableRecord
  2
03開口断面線
 70
0
 62
5
  6
CONTINUOUS
370
-3
390
13
347
21
  0
LAYER
  5
8F
330
1
100
AcDbSymbolTableRecord
100
AcDbLayerTableRecord
  2
04開口見えがかり線
 70
0
 62
3
  6
CONTINUOUS
370
-3
390
13
347
21
  0
LAYER
  5
90
330
1
100
AcDbSymbolTableRecord
100
AcDbLayerTableRecord
  2
05設備機器
 70
0
 62
1
  6
CONTINUOUS
370
-3
390
13
347
21
  0
LAYER
  5
91
330
1
100
AcDbSymbolTableRecord
100
AcDbLayerTableRecord
  2
07家具
 70
0
 62
30
  6
CONTINUOUS
370
-3
390
13
347
21
  0
LAYER
  5
92
330
1
100
AcDbSymbolTableRecord
100
AcDbLayerTableRecord
  2
08文字
 70
0
 62
7
  6
CONTINUOUS
370
-3
390
13
347
21
  0
LAYER
  5
93
330
1
100
AcDbSymbolTableRecord
100
AcDbLayerTableRecord
  2
09寸法
 70
0
 62
3
  6
CONTINUOUS
370
-3
390
13
347
21
  0
LAYER
  5
94
330
1
100
AcDbSymbolTableRecord
100
AcDbLayerTableRecord
  2
10線一般(中線)
 70
0
 62
8
  6
CONTINUOUS
370
-3
390
13
347
21
  0
LAYER
  5
95
330
1
100
AcDbSymbolTableRecord
100
AcDbLayerTableRecord
  2
12切断線
 70
0
 62
33
  6
CONTINUOUS
370
-3
390
13
347
21
  0
LAYER
  5
96
330
1
100
AcDbSymbolTableRecord
100
AcDbLayerTableRecord
  2
13境界線
 70
0
 62
6
  6
PHANTOM
370
-3
390
13
347
21
  0
LAYER
  5
97
330
1
100
AcDbSymbolTableRecord
100
AcDbLayerTableRecord
  2
14図枠
 70
0
 62
7
  6
CONTINUOUS
370
-3
390
13
347
21
  0
LAYER
  5
98
330
1
100
AcDbSymbolTableRecord
100
AcDbLayerTableRecord
  2
16外構
 70
0
 62
4
  6
CONTINUOUS
370
-3
390
13
347
21
  0
ENDTAB
  0
TABLE
  2
STYLE
  5
5
330
0
100
AcDbSymbolTable
 70
28
  0
STYLE
  5
29
330
5
100
AcDbSymbolTableRecord
100
AcDbTextStyleTableRecord
  2
Standard
 70
0
 40
0.0
 41
1.0
 50
0.0
 71
0
 42
2.5
  3
txt
  4

  0
STYLE
  5
41
330
5
100
AcDbSymbolTableRecord
100
AcDbTextStyleTableRecord
  2
OpenSans-Light
 70
0
 40
0.0
 41
1.0
 50
0.0
 71
0
 42
2.5
  3
OpenSans-Light.ttf
  4

  0
STYLE
  5
42
330
5
100
AcDbSymbolTableRecord
100
AcDbTextStyleTableRecord
  2
OpenSans-Light-Italic
 70
0
 40
0.0
 41
1.0
 50
0.0
 71
0
 42
2.5
  3
OpenSans-LightItalic.ttf
  4

  0
STYLE
  5
43
330
5
100
AcDbSymbolTableRecord
100
AcDbTextStyleTableRecord
  2
OpenSans
 70
0
 40
0.0
 41
1.0
 50
0.0
 71
0
 42
2.5
  3
OpenSans-Regular.ttf
  4

  0
STYLE
  5
44
330
5
100
AcDbSymbolTableRecord
100
AcDbTextStyleTableRecord
  2
OpenSans-Italic
 70
0
 40
0.0
 41
1.0
 50
0.0
 71
0
 42
2.5
  3
OpenSans-Italic.ttf
  4

  0
STYLE
  5
45
330
5
100
AcDbSymbolTableRecord
100
AcDbTextStyleTableRecord
  2
OpenSans-SemiBold
 70
0
 40
0.0
 41
1.0
 50
0.0
 71
0
 42
2.5
  3
OpenSans-SemiBold.ttf
  4

  0
STYLE
  5
46
330
5
100
AcDbSymbolTableRecord
100
AcDbTextStyleTableRecord
  2
OpenSans-SemiBoldItalic
 70
0
 40
0.0
 41
1.0
 50
0.0
 71
0
 42
2.5
  3
OpenSans-SemiBoldItalic.ttf
  4

  0
STYLE
  5
47
330
5
100
AcDbSymbolTableRecord
100
AcDbTextStyleTableRecord
  2
OpenSans-Bold
 70
0
 40
0.0
 41
1.0
 50
0.0
 71
0
 42
2.5
  3
OpenSans-Bold.ttf
  4

  0
STYLE
  5
48
330
5
100
AcDbSymbolTableRecord
100
AcDbTextStyleTableRecord
  2
OpenSans-BoldItalic
 70
0
 40
0.0
 41
1.0
 50
0.0
 71
0
 42
2.5
  3
OpenSans-BoldItalic.ttf
  4

  0
STYLE
  5
49
330
5
100
AcDbSymbolTableRecord
100
AcDbTextStyleTableRecord
  2
OpenSans-ExtraBold
 70
0
 40
0.0
 41
1.0
 50
0.0
 71
0
 42
2.5
  3
OpenSans-ExtraBold.ttf
  4

  0
STYLE
  5
4A
330
5
100
AcDbSymbolTableRecord
100
AcDbTextStyleTableRecord
  2
OpenSans-ExtraBoldItalic
 70
0
 40
0.0
 41
1.0
 50
0.0
 71
0
 42
2.5
  3
OpenSans-ExtraBoldItalic.ttf
  4

  0
STYLE
  5
4B
330
5
100
AcDbSymbolTableRecord
100
AcDbTextStyleTableRecord
  2
OpenSansCondensed-Bold
 70
0
 40
0.0
 41
1.0
 50
0.0
 71
0
 42
2.5
  3
OpenSansCondensed-Bold.ttf
  4

  0
STYLE
  5
4C
330
5
100
AcDbSymbolTableRecord
100
AcDbTextStyleTableRecord
  2
OpenSansCondensed-Light
 70
0
 40
0.0
 41
1.0
 50
0.0
 71
0
 42
2.5
  3
OpenSansCondensed-Light.ttf
  4

  0
STYLE
  5
4D
330
5
100
AcDbSymbolTableRecord
100
AcDbTextStyleTableRecord
  2
OpenSansCondensed-Italic
 70
0
 40
0.0
 41
1.0
 50
0.0
 71
0
 42
2.5
  3
OpenSansCondensed-LightItalic.ttf
  4

  0
STYLE
  5
4E
330
5
100
AcDbSymbolTableRecord
100
AcDbTextStyleTableRecord
  2
LiberationSans
 70
0
 40
0.0
 41
1.0
 50
0.0
 71
0
 42
2.5
  3
LiberationSans-Regular.ttf
  4

  0
STYLE
  5
4F
330
5
100
AcDbSymbolTableRecord
100
AcDbTextStyleTableRecord
  2
LiberationSans-Bold
 70
0
 40
0.0
 41
1.0
 50
0.0
 71
0
 42
2.5
  3
LiberationSans-Bold.ttf
  4

  0
STYLE
  5
50
330
5
100
AcDbSymbolTableRecord
100
AcDbTextStyleTableRecord
  2
LiberationSans-BoldItalic
 70
0
 40
0.0
 41
1.0
 50
0.0
 71
0
 42
2.5
  3
LiberationSans-BoldItalic.ttf
  4

  0
STYLE
  5
51
330
5
100
AcDbSymbolTableRecord
100
AcDbTextStyleTableRecord
  2
LiberationSans-Italic
 70
0
 40
0.0
 41
1.0
 50
0.0
 71
0
 42
2.5
  3
LiberationSans-Italic.ttf
  4

  0
STYLE
  5
52
330
5
100
AcDbSymbolTableRecord
100
AcDbTextStyleTableRecord
  2
LiberationSerif
 70
0
 40
0.0
 41
1.0
 50
0.0
 71
0
 42
2.5
  3
LiberationSerif-Regular.ttf
  4

  0
STYLE
  5
53
330
5
100
AcDbSymbolTableRecord
100
AcDbTextStyleTableRecord
  2
LiberationSerif-Bold
 70
0
 40
0.0
 41
1.0
 50
0.0
 71
0
 42
2.5
  3
LiberationSerif-Bold.ttf
  4

  0
STYLE
  5
54
330
5
100
AcDbSymbolTableRecord
100
AcDbTextStyleTableRecord
  2
LiberationSerif-BoldItalic
 70
0
 40
0.0
 41
1.0
 50
0.0
 71
0
 42
2.5
  3
LiberationSerif-BoldItalic.ttf
  4

  0
STYLE
  5
55
330
5
100
AcDbSymbolTableRecord
100
AcDbTextStyleTableRecord
  2
LiberationSerif-Italic
 70
0
 40
0.0
 41
1.0
 50
0.0
 71
0
 42
2.5
  3
LiberationSerif-Italic.ttf
  4

  0
STYLE
  5
56
330
5
100
AcDbSymbolTableRecord
100
AcDbTextStyleTableRecord
  2
LiberationMono
 70
0
 40
0.0
 41
1.0
 50
0.0
 71
0
 42
2.5
  3
LiberationMono-Regular.ttf
  4

  0
STYLE
  5
57
330
5
100
AcDbSymbolTableRecord
100
AcDbTextStyleTableRecord
  2
LiberationMono-Bold
 70
0
 40
0.0
 41
1.0
 50
0.0
 71
0
 42
2.5
  3
LiberationMono-Bold.ttf
  4

  0
STYLE
  5
58
330
5
100
AcDbSymbolTableRecord
100
AcDbTextStyleTableRecord
  2
LiberationMono-BoldItalic
 70
0
 40
0.0
 41
1.0
 50
0.0
 71
0
 42
2.5
  3
LiberationMono-BoldItalic.ttf
  4

  0
STYLE
  5
59
330
5
100
AcDbSymbolTableRecord
100
AcDbTextStyleTableRecord
  2
LiberationMono-Italic
 70
0
 40
0.0
 41
1.0
 50
0.0
 71
0
 42
2.5
  3
LiberationMono-Italic.ttf
  4

  0
STYLE
  5
8A
330
5
100
AcDbSymbolTableRecord
100
AcDbTextStyleTableRecord
  2
JP
 70
0
 40
0.0
 41
1.0
 50
0.0
 71
0
 42
2.5
  3
ipag.ttf
  4

  0
STYLE
  5
8B
330
5
100
AcDbSymbolTableRecord
100
AcDbTextStyleTableRecord
  2
DIM
 70
0
 40
0.0
 41
1.0
 50
0.0
 71
0
 42
2.5
  3
arial.ttf
  4

  0
ENDTAB
  0
TABLE
  2
VIEW
  5
7
330
0
100
AcDbSymbolTable
 70
0
  0
ENDTAB
  0
TABLE
  2
UCS
  5
6
330
0
100
AcDbSymbolTable
 70
0
  0
ENDTAB
  0
TABLE
  2
APPID
  5
3
330
0
100
AcDbSymbolTable
 70
3
  0
APPID
  5
2A
330
3
100
AcDbSymbolTableRecord
100
AcDbRegAppTableRecord
  2
ACAD
 70
0
  0
APPID
  5
3E6
330
3
100
AcDbSymbolTableRecord
100
AcDbRegAppTableRecord
  2
HATCHBACKGROUNDCOLOR
 70
0
  0
APPID
  5
3E7
330
3
100
AcDbSymbolTableRecord
100
AcDbRegAppTableRecord
  2
EZDXF
 70
0
  0
ENDTAB
  0
TABLE
  2
DIMSTYLE
  5
4
330
0
100
AcDbSymbolTable
 70
13
100
AcDbDimStyleTable
  0
DIMSTYLE
105
2B
330
4
100
AcDbSymbolTableRecord
100
AcDbDimStyleTableRecord
  2
Standard
 70
0
 40
1.0
 41
2.5
 42
0.625
 43
3.75
 44
1.25
 45
0.0
 46
0.0
 47
0.0
 48
0.0
 49
2.5
140
2.5
141
2.5
142
0.0
143
0.03937007874
144
1.0
145
0.0
146
1.0
147
0.625
148
0.0
 69
0
 70
0
 71
0
 72
0
 73
0
 74
0
 75
0
 76
0
 77
1
 78
8
 79
3
170
0
171
3
172
1
173
0
174
0
175
0
176
0
177
0
178
0
179
2
271
2
272
2
273
2
274
3
275
0
276
0
277
2
278
44
279
0
280
0
281
0
282
0
283
0
284
8
285
0
286
0
288
0
289
3
290
0
371
-2
372
-2
  0
DIMSTYLE
105
73
330
4
100
AcDbSymbolTableRecord
100
AcDbDimStyleTableRecord
  2
EZDXF
 70
0
 40
1.0
 41
0.175
 42
0.125
 43
3.75
 44
0.375
 45
0.0
 46
0.0
 47
0.0
 48
0.0
 49
2.5
140
0.25
141
2.5
142
0.0
143
0.03937007874
144
100.0
145
0.0
146
0.5
147
0.1
148
0.0
 69
0
 70
0
 71
0
 72
0
 73
0
 74
0
 75
0
 76
0
 77
1
 78
12
 79
3
170
0
171
3
172
1
173
0
174
0
175
0
176
0
177
0
178
0
179
2
271
2
272
2
273
2
274
3
275
0
276
0
277
2
278
46
279
2
280
0
281
0
282
0
283
0
284
8
285
0
286
0
288
1
289
3
290
0
340
4C
342
74
371
-2
372
-2
  0
DIMSTYLE
105
7C
330
4
100
AcDbSymbolTableRecord
100
AcDbDimStyleTableRecord
  2
EZ_M_100_H25_CM
 70
0
 40
1.0
 41
0.25
 42
0.125
 43
3.75
 44
0.375
 45
0.0
 46
0.0
 47
0.0
 48
0.0
 49
2.5
140
0.25
141
2.5
142
0.125
143
0.03937007874
144
100.0
145
0.0
146
0.5
147
0.1
148
0.0
 69
0
 70
0
 71
0
 72
0
 73
0
 74
0
 75
0
 76
0
 77
1
 78
12
 79
3
170
0
171
3
172
1
173
0
174
0
175
0
176
0
177
0
178
0
179
2
271
2
272
2
273
2
274
3
275
0
276
0
277
2
278
46
279
2
280
0
281
0
282
0
283
0
284
8
285
0
286
0
288
1
289
3
290
0
340
4C
371
-2
372
-2
  0
DIMSTYLE
105
7D
330
4
100
AcDbSymbolTableRecord
100
AcDbDimStyleTableRecord
  2
EZ_M_50_H25_CM
 70
0
 40
1.0
 41
0.125
 42
0.0625
 43
3.75
 44
0.1875
 45
0.0
 46
0.0
 47
0.0
 48
0.0
 49
2.5
140
0.125
141
2.5
142
0.0625
143
0.03937007874
144
100.0
145
0.0
146
0.5
147
0.05
148
0.0
 69
0
 70
0
 71
0
 72
0
 73
0
 74
0
 75
0
 76
0
 77
1
 78
12
 79
3
170
0
171
3
172
1
173
0
174
0
175
0
176
0
177
0
178
0
179
2
271
2
272
2
273
2
274
3
275
0
276
0
277
2
278
46
279
2
280
0
281
0
282
0
283
0
284
8
285
0
286
0
288
1
289
3
290
0
340
4C
371
-2
372
-2
  0
DIMSTYLE
105
7E
330
4
100
AcDbSymbolTableRecord
100
AcDbDimStyleTableRecord
  2
EZ_M_25_H25_CM
 70
0
 40
1.0
 41
0.0625
 42
0.03125
 43
3.75
 44
0.09375
 45
0.0
 46
0.0
 47
0.0
 48
0.0
 49
2.5
140
0.0625
141
2.5
142
0.03125
143
0.03937007874
144
100.0
145
0.0
146
0.5
147
0.025
148
0.0
 69
0
 70
0
 71
0
 72
0
 73
0
 74
0
 75
0
 76
0
 77
1
 78
12
 79
3
170
0
171
3
172
1
173
0
174
0
175
0
176
0
177
0
178
0
179
2
271
2
272
2
273
2
274
3
275
0
276
0
277
2
278
46
279
2
280
0
281
0
282
0
283
0
284
8
285
0
286
0
288
1
289
3
290
0
340
4C
371
-2
372
-2
  0
DIMSTYLE
105
7F
330
4
100
AcDbSymbolTableRecord
100
AcDbDimStyleTableRecord
  2
EZ_M_20_H25_CM
 70
0
 40
1.0
 41
0.05
 42
0.025
 43
3.75
 44
0.07500000000000001
 45
0.0
 46
0.0
 47
0.0
 48
0.0
 49
2.5
140
0.05
141
2.5
142
0.025
143
0.03937007874
144
100.0
145
0.0
146
0.5
147
0.020000000000000004
148
0.0
 69
0
 70
0
 71
0
 72
0
 73
0
 74
0
 75
0
 76
0
 77
1
 78
12
 79
3
170
0
171
3
172
1
173
0
174
0
175
0
176
0
177
0
178
0
179
2
271
2
272
2
273
2
274
3
275
0
276
0
277
2
278
46
279
2
280
0
281
0
282
0
283
0
284
8
285
0
286
0
288
1
289
3
290
0
340
4C
371
-2
372
-2
  0
DIMSTYLE
105
80
330
4
100
AcDbSymbolTableRecord
100
AcDbDimStyleTableRecord
  2
EZ_M_10_H25_CM
 70
0
 40
1.0
 41
0.025
 42
0.0125
 43
3.75
 44
0.037500000000000006
 45
0.0
 46
0.0
 47
0.0
 48
0.0
 49
2.5
140
0.025
141
2.5
142
0.0125
143
0.03937007874
144
100.0
145
0.0
146
0.5
147
0.010000000000000002
148
0.0
 69
0
 70
0
 71
0
 72
0
 73
0
 74
0
 75
0
 76
0
 77
1
 78
12
 79
3
170
0
171
3
172
1
173
0
174
0
175
0
176
0
177
0
178
0
179
2
271
2
272
2
273
2
274
3
275
0
276
0
277
2
278
46
279
2
280
0
281
0
282
0
283
0
284
8
285
0
286
0
288
1
289
3
290
0
340
4C
371
-2
372
-2
  0
DIMSTYLE
105
81
330
4
100
AcDbSymbolTableRecord
100
AcDbDimStyleTableRecord
  2
EZ_M_5_H25_CM
 70
0
 40
1.0
 41
0.0125
 42
0.00625
 43
3.75
 44
0.018750000000000003
 45
0.0
 46
0.0
 47
0.0
 48
0.0
 49
2.5
140
0.0125
141
2.5
142
0.00625
143
0.03937007874
144
100.0
145
0.0
146
0.5
147
0.005000000000000001
148
0.0
 69
0
 70
0
 71
0
 72
0
 73
0
 74
0
 75
0
 76
0
 77
1
 78
12
 79
3
170
0
171
3
172
1
173
0
174
0
175
0
176
0
177
0
178
0
179
2
271
2
272
2
273
2
274
3
275
0
276
0
277
2
278
46
279
2
280
0
281
0
282
0
283
0
284
8
285
0
286
0
288
1
289
3
290
0
340
4C
371
-2
372
-2
  0
DIMSTYLE
105
82
330
4
100
AcDbSymbolTableRecord
100
AcDbDimStyleTableRecord
  2
EZ_M_1_H25_CM
 70
0
 40
1.0
 41
0.0025
 42
0.00125
 43
3.75
 44
0.00375
 45
0.0
 46
0.0
 47
0.0
 48
0.0
 49
2.5
140
0.0025
141
2.5
142
0.00125
143
0.03937007874
144
100.0
145
0.0
146
0.5
147
0.001
148
0.0
 69
0
 70
0
 71
0
 72
0
 73
0
 74
0
 75
0
 76
0
 77
1
 78
12
 79
3
170
0
171
3
172
1
173
0
174
0
175
0
176
0
177
0
178
0
179
2
271
2
272
2
273
2
274
3
275
0
276
0
277
2
278
46
279
2
280
0
281
0
282
0
283
0
284
8
285
0
286
0
288
1
289
3
290
0
340
4C
371
-2
372
-2
  0
DIMSTYLE
105
83
330
4
100
AcDbSymbolTableRecord
100
AcDbDimStyleTableRecord
  2
EZ_RADIUS
 70
0
 40
1.0
 41
0.25
 42
0.125
 43
3.75
 44
0.375
 45
0.0
 46
0.0
 47
0.0
 48
0.0
 49
2.5
140
0.25
141
0.0
142
0.0
143
0.03937007874
144
100.0
145
0.0
146
0.5
147
0.1
148
0.0
 69
0
 70
0
 71
0
 72
0
 73
0
 74
0
 75
0
 76
0
 77
1
 78
12
 79
3
170
0
171
3
172
0
173
0
174
0
175
0
176
0
177
0
178
0
179
2
271
2
272
2
273
2
274
3
275
0
276
0
277
2
278
46
279
1
280
0
281
0
282
0
283
0
284
8
285
0
286
0
288
1
289
3
290
0
340
4C
342
84
371
-2
372
-2
  0
DIMSTYLE
105
88
330
4
100
AcDbSymbolTableRecord
100
AcDbDimStyleTableRecord
  2
EZ_RADIUS_INSIDE
 70
0
 40
1.0
 41
0.25
 42
0.125
 43
3.75
 44
0.375
 45
0.0
 46
0.0
 47
0.0
 48
0.0
 49
2.5
140
0.25
141
0.0
142
0.0
143
0.03937007874
144
100.0
145
0.0
146
0.5
147
0.1
148
0.0
 69
0
 70
0
 71
0
 72
0
 73
0
 74
0
 75
0
 76
0
 77
0
 78
12
 79
3
170
0
171
3
172
0
173
0
174
1
175
0
176
0
177
0
178
0
179
2
271
2
272
2
273
2
274
3
275
0
276
0
277
2
278
46
279
0
280
0
281
0
282
0
283
0
284
8
285
0
286
0
288
1
289
0
290
0
340
4C
342
84
371
-2
372
-2
  0
DIMSTYLE
105
89
330
4
100
AcDbSymbolTableRecord
100
AcDbDimStyleTableRecord
  2
EZ_CURVED
 70
0
 40
1.0
 41
0.25
 42
0.125
 43
3.75
 44
0.375
 45
0.0
 46
0.0
 47
0.0
 48
0.0
 49
2.5
140
0.25
141
2.5
142
0.0
143
0.03937007874
144
100.0
145
0.0
146
0.5
147
0.1
148
0.0
 69
0
 70
0
 71
0
 72
0
 73
0
 74
0
 75
0
 76
0
 77
1
 78
12
 79
2
 90
2
170
0
171
3
172
1
173
0
174
0
175
0
176
0
177
0
178
0
179
2
271
2
272
2
273
2
274
3
275
0
276
0
277
2
278
46
279
2
280
0
281
0
282
0
283
0
284
8
285
0
286
0
288
1
289
3
290
0
340
4C
371
-2
372
-2
  0
DIMSTYLE
105
99
330
4
100
AcDbSymbolTableRecord
100
AcDbDimStyleTableRecord
  2
JIS100
 70
0
 40
1.0
 41
100.0
 42
150.0
 43
3.75
 44
150.0
 45
0.0
 46
0.0
 47
0.0
 48
0.0
 49
2.5
140
250.0
141
2.5
142
0.0
143
0.03937007874
144
100.0
145
0.0
146
0.5
147
60.0
148
0.0
 69
0
 70
0
 71
0
 72
0
 73
0
 74
0
 75
0
 76
0
 77
1
 78
12
 79
3
170
0
171
3
172
1
173
0
174
0
175
0
176
0
177
0
178
0
179
2
271
0
272
2
273
2
274
3
275
0
276
0
277
2
278
46
279
2
280
0
281
0
282
0
283
0
284
8
285
0
286
0
288
1
289
3
290
0
340
8B
342
27D
371
-2
372
-2
  0
ENDTAB
  0
TABLE
  2
BLOCK_RECORD
  5
9
330
0
100
AcDbSymbolTable
 70
28
  0
BLOCK_RECORD
  5
17
330
9
100
AcDbSymbolTableRecord
100
AcDbBlockTableRecord
  2
*Model_Space
340
1A
 70
0
280
1
281
0
  0
BLOCK_RECORD
  5
1B
330
9
100
AcDbSymbolTableRecord
100
AcDbBlockTableRecord
  2
*Paper_Space
340
1E
 70
0
280
1
281
0
  0
BLOCK_RECORD
  5
74
330
9
100
AcDbSymbolTableRecord
100
AcDbBlockTableRecord
  2
_ARCHTICK
340
0
 70
0
280
1
281
0
  0
BLOCK_RECORD
  5
78
330
9
100
AcDbSymbolTableRecord
100
AcDbBlockTableRecord
  2
_CLOSEDFILLED
340
0
 70
0
280
1
281
0
  0
BLOCK_RECORD
  5
84
330
9
100
AcDbSymbolTableRecord
100
AcDbBlockTableRecord
  2
_CLOSEDBLANK
340
0
 70
0
280
1
281
0
  0
BLOCK_RECORD
  5
278
330
9
100
AcDbSymbolTableRecord
100
AcDbBlockTableRecord
  2
*D1
340
0
 70
0
280
1
281
0
  0
BLOCK_RECORD
  5
27D
330
9
100
AcDbSymbolTableRecord
100
AcDbBlockTableRecord
  2
_DOT
340
0
 70
0
280
1
281
0
  0
BLOCK_RECORD
  5
28C
330
9
100
AcDbSymbolTableRecord
100
AcDbBlockTableRecord
  2
*D2
340
0
 70
0
280
1
281
0
  0
BLOCK_RECORD
  5
29B
330
9
100
AcDbSymbolTableRecord
100
AcDbBlockTableRecord
  2
*D3
340
0
 70
0
280
1
281
0
  0
BLOCK_RECORD
  5
2AA
330
9
100
AcDbSymbolTableRecord
100
AcDbBlockTableRecord
  2
*D4
340
0
 70
0
280
1
281
0
  0
BLOCK_RECORD
  5
2B9
330
9
100
AcDbSymbolTableRecord
100
AcDbBlockTableRecord
  2
*D5
340
0
 70
0
280
1
281
0
  0
BLOCK_RECORD
  5
2C8
330
9
100
AcDbSymbolTableRecord
100
AcDbBlockTableRecord
  2
*D6
340
0
 70
0
280
1
281
0
  0
BLOCK_RECORD
  5
2D9
330
9
100
AcDbSymbolTableRecord
100
AcDbBlockTableRecord
  2
*D7
340
0
 70
0
280
1
281
0
  0
BLOCK_RECORD
  5
2E8
330
9
100
AcDbSymbolTableRecord
100
AcDbBlockTableRecord
  2
*D8
340
0
 70
0
280
1
281
0
  0
BLOCK_RECORD
  5
2F7
330
9
100
AcDbSymbolTableRecord
100
AcDbBlockTableRecord
  2
*D9
340
0
 70
0
280
1
281
0
  0
BLOCK_RECORD
  5
306
330
9
100
AcDbSymbolTableRecord
100
AcDbBlockTableRecord
  2
*D10
340
0
 70
0
280
1
281
0
  0
BLOCK_RECORD
  5
315
330
9
100
AcDbSymbolTableRecord
100
AcDbBlockTableRecord
  2
*D11
340
0
 70
0
280
1
281
0
  0
BLOCK_RECORD
  5
324
330
9
100
AcDbSymbolTableRecord
100
AcDbBlockTableRecord
  2
*D12
340
0
 70
0
280
1
281
0
  0
BLOCK_RECORD
  5
333
330
9
100
AcDbSymbolTableRecord
100
AcDbBlockTableRecord
  2
*D13
340
0
 70
0
280
1
281
0
  0
BLOCK_RECORD
  5
342
330
9
100
AcDbSymbolTableRecord
100
AcDbBlockTableRecord
  2
*D14
340
0
 70
0
280
1
281
0
  0
BLOCK_RECORD
  5
351
330
9
100
AcDbSymbolTableRecord
100
AcDbBlockTableRecord
  2
*D15
340
0
 70
0
280
1
281
0
  0
BLOCK_RECORD
  5
360
330
9
100
AcDbSymbolTableRecord
100
AcDbBlockTableRecord
  2
*D16
340
0
 70
0
280
1
281
0
  0
BLOCK_RECORD
  5
36F
330
9
100
AcDbSymbolTableRecord
100
AcDbBlockTableRecord
  2
*D17
340
0
 70
0
280
1
281
0
  0
BLOCK_RECORD
  5
37E
330
9
100
AcDbSymbolTableRecord
100
AcDbBlockTableRecord
  2
*D18
340
0
 70
0
280
1
281
0
  0
BLOCK_RECORD
  5
38D
330
9
100
AcDbSymbolTableRecord
100
AcDbBlockTableRecord
  2
*D19
340
0
 70
0
280
1
281
0
  0
BLOCK_RECORD
  5
39C
330
9
100
AcDbSymbolTableRecord
100
AcDbBlockTableRecord
  2
*D20
340
0
 70
0
280
1
281
0
  0
BLOCK_RECORD
  5
3AB
330
9
100
AcDbSymbolTableRecord
100
AcDbBlockTableRecord
  2
*D21
340
0
 70
0
280
1
281
0
  0
BLOCK_RECORD
  5
3BA
330
9
100
AcDbSymbolTableRecord
100
AcDbBlockTableRecord
  2
*D22
340
0
 70
0
280
1
281
0
  0
ENDTAB
  0
ENDSEC
  0
SECTION
  2
BLOCKS
  0
BLOCK
  5
18
330
17
100
AcDbEntity
  8
0
100
AcDbBlockBegin
  2
*Model_Space
 70
0
 10
0.0
 20
0.0
 30
0.0
  3
*Model_Space
  1

  0
ENDBLK
  5
19
330
17
100
AcDbEntity
  8
0
100
AcDbBlockEnd
  0
BLOCK
  5
1C
330
1B
100
AcDbEntity
  8
0
100
AcDbBlockBegin
  2
*Paper_Space
 70
0
 10
0.0
 20
0.0
 30
0.0
  3
*Paper_Space
  1

  0
ENDBLK
  5
1D
330
1B
100
AcDbEntity
  8
0
100
AcDbBlockEnd
  0
BLOCK
  5
75
330
74
100
AcDbEntity
  8
0
100
AcDbBlockBegin
  2
_ARCHTICK
 70
0
 10
0.0
 20
0.0
 30
0.0
  3
_ARCHTICK
  1

  0
LWPOLYLINE
  5
77
330
74
100
AcDbEntity
  8
0
  6
BYBLOCK
 62
0
100
AcDbPolyline
 90
2
 70
0
 43
0.15
 10
-0.5
 20
-0.5
 10
0.5
 20
0.5
  0
ENDBLK
  5
76
330
74
100
AcDbEntity
  8
0
100
AcDbBlockEnd
  0
BLOCK
  5
79
330
78
100
AcDbEntity
  8
0
100
AcDbBlockBegin
  2
_CLOSEDFILLED
 70
0
 10
0.0
 20
0.0
 30
0.0
  3
_CLOSEDFILLED
  1

  0
SOLID
  5
7B
330
78
100
AcDbEntity
  8
0
  6
BYBLOCK
 62
0
100
AcDbTrace
 10
-1.0
 20
0.16439898372402537
 30
0.0
 11
0.0
 21
0.0
 31
0.0
 12
-1.0
 22
-0.16439898372402537
 32
0.0
 13
-1.0
 23
-0.16439898372402537
 33
0.0
  0
ENDBLK
  5
7A
330
78
100
AcDbEntity
  8
0
100
AcDbBlockEnd
  0
BLOCK
  5
85
330
84
100
AcDbEntity
  8
0
100
AcDbBlockBegin
  2
_CLOSEDBLANK
 70
0
 10
0.0
 20
0.0
 30
0.0
  3
_CLOSEDBLANK
  1

  0
LWPOLYLINE
  5
87
330
84
100
AcDbEntity
  8
0
  6
BYBLOCK
 62
0
100
AcDbPolyline
 90
3
 70
1
 10
-1.0
 20
0.16439898372402537
 10
0.0
 20
0.0
 10
-1.0
 20
-0.16439898372402537
  0
ENDBLK
  5
86
330
84
100
AcDbEntity
  8
0
100
AcDbBlockEnd
  0
BLOCK
  5
279
330
278
100
AcDbEntity
  8
0
100
AcDbBlockBegin
  2
*D1
 70
1
 10
0.0
 20
0.0
 30
0.0
  3
*D1
  1

  0
LINE
  5
27B
330
278
100
AcDbEntity
  8
0
100
AcDbLine
 10
1700.0
 20
12650.0
 30
0.0
 11
1700.0
 21
14250.0
 31
0.0
  0
LINE
  5
27C
330
278
100
AcDbEntity
  8
0
100
AcDbLine
 10
3520.0
 20
12650.0
 30
0.0
 11
3520.0
 21
14250.0
 31
0.0
  0
INSERT
  5
282
330
278
100
AcDbEntity
  8
09寸法
100
AcDbBlockReference
  2
_DOT
 10
1700.0
 20
14100.0
 30
0.0
 41
100.0
 42
100.0
 50
180.0
  0
INSERT
  5
284
330
278
100
AcDbEntity
  8
09寸法
100
AcDbBlockReference
  2
_DOT
 10
3520.0
 20
14100.0
 30
0.0
 41
100.0
 42
100.0
  0
LINE
  5
286
330
278
100
AcDbEntity
  8
0
100
AcDbLine
 10
1800.0
 20
14100.0
 30
0.0
 11
3420.0
 21
14100.0
 31
0.0
  0
MTEXT
  5
287
330
278
100
AcDbEntity
  8
09寸法
100
AcDbMText
 10
2610.0
 20
14285.0
 30
0.0
 40
250.0
 71
5
  1
1,820
  7
DIM
  0
POINT
  5
288
330
278
100
AcDbEntity
  8
Defpoints
100
AcDbPoint
 10
1700.0
 20
14100.0
 30
0.0
  0
POINT
  5
289
330
278
100
AcDbEntity
  8
Defpoints
100
AcDbPoint
 10
1700.0
 20
12500.0
 30
0.0
  0
POINT
  5
28A
330
278
100
AcDbEntity
  8
Defpoints
100
AcDbPoint
 10
3520.0
 20
12500.0
 30
0.0
  0
ENDBLK
  5
27A
330
278
100
AcDbEntity
  8
0
100
AcDbBlockEnd
  0
BLOCK
  5
27E
330
27D
100
AcDbEntity
  8
0
100
AcDbBlockBegin
  2
_DOT
 70
0
 10
0.0
 20
0.0
 30
0.0
  3
_DOT
  1

  0
LINE
  5
280
330
27D
100
AcDbEntity
  8
0
  6
BYBLOCK
 62
0
100
AcDbLine
 10
-0.5
 20
0.0
 30
0.0
 11
-1.0
 21
0.0
 31
0.0
  0
LWPOLYLINE
  5
281
330
27D
100
AcDbEntity
  8
0
  6
BYBLOCK
 62
0
100
AcDbPolyline
 90
2
 70
1
 43
0.5
 10
-0.25
 20
0.0
 42
1.0
 10
0.25
 20
0.0
 42
1.0
  0
ENDBLK
  5
27F
330
27D
100
AcDbEntity
  8
0
100
AcDbBlockEnd
  0
BLOCK
  5
28D
330
28C
100
AcDbEntity
  8
0
100
AcDbBlockBegin
  2
*D2
 70
1
 10
0.0
 20
0.0
 30
0.0
  3
*D2
  1

  0
LINE
  5
28F
330
28C
100
AcDbEntity
  8
0
100
AcDbLine
 10
3520.0
 20
12650.0
 30
0.0
 11
3520.0
 21
14250.0
 31
0.0
  0
LINE
  5
290
330
28C
100
AcDbEntity
  8
0
100
AcDbLine
 10
5340.0
 20
12650.0
 30
0.0
 11
5340.0
 21
14250.0
 31
0.0
  0
INSERT
  5
291
330
28C
100
AcDbEntity
  8
09寸法
100
AcDbBlockReference
  2
_DOT
 10
3520.0
 20
14100.0
 30
0.0
 41
100.0
 42
100.0
 50
180.0
  0
INSERT
  5
293
330
28C
100
AcDbEntity
  8
09寸法
100
AcDbBlockReference
  2
_DOT
 10
5340.0
 20
14100.0
 30
0.0
 41
100.0
 42
100.0
  0
LINE
  5
295
330
28C
100
AcDbEntity
  8
0
100
AcDbLine
 10
3620.0
 20
14100.0
 30
0.0
 11
5240.0
 21
14100.0
 31
0.0
  0
MTEXT
  5
296
330
28C
100
AcDbEntity
  8
09寸法
100
AcDbMText
 10
4430.0
 20
14285.0
 30
0.0
 40
250.0
 71
5
  1
1,820
  7
DIM
  0
POINT
  5
297
330
28C
100
AcDbEntity
  8
Defpoints
100
AcDbPoint
 10
3520.0
 20
14100.0
 30
0.0
  0
POINT
  5
298
330
28C
100
AcDbEntity
  8
Defpoints
100
AcDbPoint
 10
3520.0
 20
12500.0
 30
0.0
  0
POINT
  5
299
330
28C
100
AcDbEntity
  8
Defpoints
100
AcDbPoint
 10
5340.0
 20
12500.0
 30
0.0
  0
ENDBLK
  5
28E
330
28C
100
AcDbEntity
  8
0
100
AcDbBlockEnd
  0
BLOCK
  5
29C
330
29B
100
AcDbEntity
  8
0
100
AcDbBlockBegin
  2
*D3
 70
1
 10
0.0
 20
0.0
 30
0.0
  3
*D3
  1

  0
LINE
  5
29E
330
29B
100
AcDbEntity
  8
0
100
AcDbLine
 10
5340.0
 20
12650.0
 30
0.0
 11
5340.0
 21
14250.0
 31
0.0
  0
LINE
  5
29F
330
29B
100
AcDbEntity
  8
0
100
AcDbLine
 10
7160.0
 20
12650.0
 30
0.0
 11
7160.0
 21
14250.0
 31
0.0
  0
INSERT
  5
2A0
330
29B
100
AcDbEntity
  8
09寸法
100
AcDbBlockReference
  2
_DOT
 10
5340.0
 20
14100.0
 30
0.0
 41
100.0
 42
100.0
 50
180.0
  0
INSERT
  5
2A2
330
29B
100
AcDbEntity
  8
09寸法
100
AcDbBlockReference
  2
_DOT
 10
7160.0
 20
14100.0
 30
0.0
 41
100.0
 42
100.0
  0
LINE
  5
2A4
330
29B
100
AcDbEntity
  8
0
100
AcDbLine
 10
5440.0
 20
14100.0
 30
0.0
 11
7060.0
 21
14100.0
 31
0.0
  0
MTEXT
  5
2A5
330
29B
100
AcDbEntity
  8
09寸法
100
AcDbMText
 10
6250.0
 20
14285.0
 30
0.0
 40
250.0
 71
5
  1
1,820
  7
DIM
  0
POINT
  5
2A6
330
29B
100
AcDbEntity
  8
Defpoints
100
AcDbPoint
 10
5340.0
 20
14100.0
 30
0.0
  0
POINT
  5
2A7
330
29B
100
AcDbEntity
  8
Defpoints
100
AcDbPoint
 10
5340.0
 20
12500.0
 30
0.0
  0
POINT
  5
2A8
330
29B
100
AcDbEntity
  8
Defpoints
100
AcDbPoint
 10
7160.0
 20
12500.0
 30
0.0
  0
ENDBLK
  5
29D
330
29B
100
AcDbEntity
  8
0
100
AcDbBlockEnd
  0
BLOCK
  5
2AB
330
2AA
100
AcDbEntity
  8
0
100
AcDbBlockBegin
  2
*D4
 70
1
 10
0.0
 20
0.0
 30
0.0
  3
*D4
  1

  0
LINE
  5
2AD
330
2AA
100
AcDbEntity
  8
0
100
AcDbLine
 10
7160.0
 20
12650.0
 30
0.0
 11
7160.0
 21
14250.0
 31
0.0
  0
LINE
  5
2AE
330
2AA
100
AcDbEntity
  8
0
100
AcDbLine
 10
8980.0
 20
12650.0
 30
0.0
 11
8980.0
 21
14250.0
 31
0.0
  0
INSERT
  5
2AF
330
2AA
100
AcDbEntity
  8
09寸法
100
AcDbBlockReference
  2
_DOT
 10
7160.0
 20
14100.0
 30
0.0
 41
100.0
 42
100.0
 50
180.0
  0
INSERT
  5
2B1
330
2AA
100
AcDbEntity
  8
09寸法
100
AcDbBlockReference
  2
_DOT
 10
8980.0
 20
14100.0
 30
0.0
 41
100.0
 42
100.0
  0
LINE
  5
2B3
330
2AA
100
AcDbEntity
  8
0
100
AcDbLine
 10
7260.0
 20
14100.0
 30
0.0
 11
8880.0
 21
14100.0
 31
0.0
  0
MTEXT
  5
2B4
330
2AA
100
AcDbEntity
  8
09寸法
100
AcDbMText
 10
8070.0
 20
14285.0
 30
0.0
 40
250.0
 71
5
  1
1,820
  7
DIM
  0
POINT
  5
2B5
330
2AA
100
AcDbEntity
  8
Defpoints
100
AcDbPoint
 10
7160.0
 20
14100.0
 30
0.0
  0
POINT
  5
2B6
330
2AA
100
AcDbEntity
  8
Defpoints
100
AcDbPoint
 10
7160.0
 20
12500.0
 30
0.0
  0
POINT
  5
2B7
330
2AA
100
AcDbEntity
  8
Defpoints
100
AcDbPoint
 10
8980.0
 20
12500.0
 30
0.0
  0
ENDBLK
  5
2AC
330
2AA
100
AcDbEntity
  8
0
100
AcDbBlockEnd
  0
BLOCK
  5
2BA
330
2B9
100
AcDbEntity
  8
0
100
AcDbBlockBegin
  2
*D5
 70
1
 10
0.0
 20
0.0
 30
0.0
  3
*D5
  1

  0
LINE
  5
2BC
330
2B9
100
AcDbEntity
  8
0
100
AcDbLine
 10
0.0
 20
12650.0
 30
0.0
 11
0.0
 21
15250.0
 31
0.0
  0
LINE
  5
2BD
330
2B9
100
AcDbEntity
  8
0
100
AcDbLine
 10
10980.0
 20
12650.0
 30
0.0
 11
10980.0
 21
15250.0
 31
0.0
  0
INSERT
  5
2BE
330
2B9
100
AcDbEntity
  8
09寸法
100
AcDbBlockReference
  2
_DOT
 10
0.0
 20
15100.0
 30
0.0
 41
100.0
 42
100.0
 50
180.0
  0
INSERT
  5
2C0
330
2B9
100
AcDbEntity
  8
09寸法
100
AcDbBlockReference
  2
_DOT
 10
10980.0
 20
15100.0
 30
0.0
 41
100.0
 42
100.0
  0
LINE
  5
2C2
330
2B9
100
AcDbEntity
  8
0
100
AcDbLine
 10
100.0
 20
15100.0
 30
0.0
 11
10880.0
 21
15100.0
 31
0.0
  0
MTEXT
  5
2C3
330
2B9
100
AcDbEntity
  8
09寸法
100
AcDbMText
 10
5490.0
 20
15285.0
 30
0.0
 40
250.0
 71
5
  1
11,000
  7
DIM
  0
POINT
  5
2C4
330
2B9
100
AcDbEntity
  8
Defpoints
100
AcDbPoint
 10
0.0
 20
15100.0
 30
0.0
  0
POINT
  5
2C5
330
2B9
100
AcDbEntity
  8
Defpoints
100
AcDbPoint
 10
0.0
 20
12500.0
 30
0.0
  0
POINT
  5
2C6
330
2B9
100
AcDbEntity
  8
Defpoints
100
AcDbPoint
 10
10980.0
 20
12500.0
 30
0.0
  0
ENDBLK
  5
2BB
330
2B9
100
AcDbEntity
  8
0
100
AcDbBlockEnd
  0
BLOCK
  5
2C9
330
2C8
100
AcDbEntity
  8
0
100
AcDbBlockBegin
  2
*D6
 70
1
 10
0.0
 20
0.0
 30
0.0
  3
*D6
  1

  0
LINE
  5
2CB
330
2C8
100
AcDbEntity
  8
0
100
AcDbLine
 10
9.184850993605149e-15
 20
11450.0
 30
0.0
 11
9.184850993605149e-15
 21
11450.0
 31
0.0
  0
LINE
  5
2CC
330
2C8
100
AcDbEntity
  8
0
100
AcDbLine
 10
100.00000000000001
 20
11450.0
 30
0.0
 11
100.00000000000001
 21
11450.0
 31
0.0
  0
INSERT
  5
2CD
330
2C8
100
AcDbEntity
  8
09寸法
100
AcDbBlockReference
  2
_DOT
 10
0.0
 20
11300.0
 30
0.0
 41
100.0
 42
100.0
  0
INSERT
  5
2CF
330
2C8
100
AcDbEntity
  8
09寸法
100
AcDbBlockReference
  2
_DOT
 10
100.0
 20
11300.0
 30
0.0
 41
100.0
 42
100.0
 50
180.0
  0
LINE
  5
2D1
330
2C8
100
AcDbEntity
  8
0
100
AcDbLine
 10
-100.0
 20
11300.0
 30
0.0
 11
-200.0
 21
11300.0
 31
0.0
  0
LINE
  5
2D2
330
2C8
100
AcDbEntity
  8
0
100
AcDbLine
 10
200.0
 20
11300.0
 30
0.0
 11
300.0
 21
11300.0
 31
0.0
  0
LINE
  5
2D3
330
2C8
100
AcDbEntity
  8
0
100
AcDbLine
 10
0.0
 20
11300.0
 30
0.0
 11
100.0
 21
11300.0
 31
0.0
  0
MTEXT
  5
2D4
330
2C8
100
AcDbEntity
  8
09寸法
100
AcDbMText
 10
50.0
 20
11635.0
 30
0.0
 40
250.0
 71
5
  1
100
  7
DIM
  0
POINT
  5
2D5
330
2C8
100
AcDbEntity
  8
Defpoints
100
AcDbPoint
 10
0.0
 20
11300.0
 30
0.0
  0
POINT
  5
2D6
330
2C8
100
AcDbEntity
  8
Defpoints
100
AcDbPoint
 10
0.0
 20
11300.0
 30
0.0
  0
POINT
  5
2D7
330
2C8
100
AcDbEntity
  8
Defpoints
100
AcDbPoint
 10
100.0
 20
11300.0
 30
0.0
  0
ENDBLK
  5
2CA
330
2C8
100
AcDbEntity
  8
0
100
AcDbBlockEnd
  0
BLOCK
  5
2DA
330
2D9
100
AcDbEntity
  8
0
100
AcDbBlockBegin
  2
*D7
 70
1
 10
0.0
 20
0.0
 30
0.0
  3
*D7
  1

  0
LINE
  5
2DC
330
2D9
100
AcDbEntity
  8
0
100
AcDbLine
 10
1700.0
 20
-150.0
 30
0.0
 11
1700.0
 21
-1550.0
 31
0.0
  0
LINE
  5
2DD
330
2D9
100
AcDbEntity
  8
0
100
AcDbLine
 10
2610.0
 20
-150.0
 30
0.0
 11
2610.0
 21
-1550.0
 31
0.0
  0
INSERT
  5
2DE
330
2D9
100
AcDbEntity
  8
09寸法
100
AcDbBlockReference
  2
_DOT
 10
1700.0
 20
-1400.0
 30
0.0
 41
100.0
 42
100.0
 50
180.0
  0
INSERT
  5
2E0
330
2D9
100
AcDbEntity
  8
09寸法
100
AcDbBlockReference
  2
_DOT
 10
2610.0
 20
-1400.0
 30
0.0
 41
100.0
 42
100.0
  0
LINE
  5
2E2
330
2D9
100
AcDbEntity
  8
0
100
AcDbLine
 10
1800.0
 20
-1400.0
 30
0.0
 11
2510.0
 21
-1400.0
 31
0.0
  0
MTEXT
  5
2E3
330
2D9
100
AcDbEntity
  8
09寸法
100
AcDbMText
 10
2155.0
 20
-1215.0
 30
0.0
 40
250.0
 71
5
  1
910
  7
DIM
  0
POINT
  5
2E4
330
2D9
100
AcDbEntity
  8
Defpoints
100
AcDbPoint
 10
1700.0
 20
-1400.0
 30
0.0
  0
POINT
  5
2E5
330
2D9
100
AcDbEntity
  8
Defpoints
100
AcDbPoint
 10
1700.0
 20
0.0
 30
0.0
  0
POINT
  5
2E6
330
2D9
100
AcDbEntity
  8
Defpoints
100
AcDbPoint
 10
2610.0
 20
0.0
 30
0.0
  0
ENDBLK
  5
2DB
330
2D9
100
AcDbEntity
  8
0
100
AcDbBlockEnd
  0
BLOCK
  5
2E9
330
2E8
100
AcDbEntity
  8
0
100
AcDbBlockBegin
  2
*D8
 70
1
 10
0.0
 20
0.0
 30
0.0
  3
*D8
  1

  0
LINE
  5
2EB
330
2E8
100
AcDbEntity
  8
0
100
AcDbLine
 10
2610.0
 20
-150.0
 30
0.0
 11
2610.0
 21
-1550.0
 31
0.0
  0
LINE
  5
2EC
330
2E8
100
AcDbEntity
  8
0
100
AcDbLine
 10
7160.0
 20
-150.0
 30
0.0
 11
7160.0
 21
-1550.0
 31
0.0
  0
INSERT
  5
2ED
330
2E8
100
AcDbEntity
  8
09寸法
100
AcDbBlockReference
  2
_DOT
 10
2610.0
 20
-1400.0
 30
0.0
 41
100.0
 42
100.0
 50
180.0
  0
INSERT
  5
2EF
330
2E8
100
AcDbEntity
  8
09寸法
100
AcDbBlockReference
  2
_DOT
 10
7160.0
 20
-1400.0
 30
0.0
 41
100.0
 42
100.0
  0
LINE
  5
2F1
330
2E8
100
AcDbEntity
  8
0
100
AcDbLine
 10
2710.0
 20
-1400.0
 30
0.0
 11
7060.0
 21
-1400.0
 31
0.0
  0
MTEXT
  5
2F2
330
2E8
100
AcDbEntity
  8
09寸法
100
AcDbMText
 10
4885.0
 20
-1215.0
 30
0.0
 40
250.0
 71
5
  1
4,550
  7
DIM
  0
POINT
  5
2F3
330
2E8
100
AcDbEntity
  8
Defpoints
100
AcDbPoint
 10
2610.0
 20
-1400.0
 30
0.0
  0
POINT
  5
2F4
330
2E8
100
AcDbEntity
  8
Defpoints
100
AcDbPoint
 10
2610.0
 20
0.0
 30
0.0
  0
POINT
  5
2F5
330
2E8
100
AcDbEntity
  8
Defpoints
100
AcDbPoint
 10
7160.0
 20
0.0
 30
0.0
  0
ENDBLK
  5
2EA
330
2E8
100
AcDbEntity
  8
0
100
AcDbBlockEnd
  0
BLOCK
  5
2F8
330
2F7
100
AcDbEntity
  8
0
100
AcDbBlockBegin
  2
*D9
 70
1
 10
0.0
 20
0.0
 30
0.0
  3
*D9
  1

  0
LINE
  5
2FA
330
2F7
100
AcDbEntity
  8
0
100
AcDbLine
 10
7160.0
 20
-150.0
 30
0.0
 11
7160.0
 21
-1550.0
 31
0.0
  0
LINE
  5
2FB
330
2F7
100
AcDbEntity
  8
0
100
AcDbLine
 10
8980.0
 20
-150.0
 30
0.0
 11
8980.0
 21
-1550.0
 31
0.0
  0
INSERT
  5
2FC
330
2F7
100
AcDbEntity
  8
09寸法
100
AcDbBlockReference
  2
_DOT
 10
7160.0
 20
-1400.0
 30
0.0
 41
100.0
 42
100.0
 50
180.0
  0
INSERT
  5
2FE
330
2F7
100
AcDbEntity
  8
09寸法
100
AcDbBlockReference
  2
_DOT
 10
8980.0
 20
-1400.0
 30
0.0
 41
100.0
 42
100.0
  0
LINE
  5
300
330
2F7
100
AcDbEntity
  8
0
100
AcDbLine
 10
7260.0
 20
-1400.0
 30
0.0
 11
8880.0
 21
-1400.0
 31
0.0
  0
MTEXT
  5
301
330
2F7
100
AcDbEntity
  8
09寸法
100
AcDbMText
 10
8070.0
 20
-1215.0
 30
0.0
 40
250.0
 71
5
  1
1,820
  7
DIM
  0
POINT
  5
302
330
2F7
100
AcDbEntity
  8
Defpoints
100
AcDbPoint
 10
7160.0
 20
-1400.0
 30
0.0
  0
POINT
  5
303
330
2F7
100
AcDbEntity
  8
Defpoints
100
AcDbPoint
 10
7160.0
 20
0.0
 30
0.0
  0
POINT
  5
304
330
2F7
100
AcDbEntity
  8
Defpoints
100
AcDbPoint
 10
8980.0
 20
0.0
 30
0.0
  0
ENDBLK
  5
2F9
330
2F7
100
AcDbEntity
  8
0
100
AcDbBlockEnd
  0
BLOCK
  5
307
330
306
100
AcDbEntity
  8
0
100
AcDbBlockBegin
  2
*D10
 70
1
 10
0.0
 20
0.0
 30
0.0
  3
*D10
  1

  0
LINE
  5
309
330
306
100
AcDbEntity
  8
0
100
AcDbLine
 10
1700.0
 20
-150.0
 30
0.0
 11
1700.0
 21
-2350.0
 31
0.0
  0
LINE
  5
30A
330
306
100
AcDbEntity
  8
0
100
AcDbLine
 10
8980.0
 20
-150.0
 30
0.0
 11
8980.0
 21
-2350.0
 31
0.0
  0
INSERT
  5
30B
330
306
100
AcDbEntity
  8
09寸法
100
AcDbBlockReference
  2
_DOT
 10
1700.0
 20
-2200.0
 30
0.0
 41
100.0
 42
100.0
 50
180.0
  0
INSERT
  5
30D
330
306
100
AcDbEntity
  8
09寸法
100
AcDbBlockReference
  2
_DOT
 10
8980.0
 20
-2200.0
 30
0.0
 41
100.0
 42
100.0
  0
LINE
  5
30F
330
306
100
AcDbEntity
  8
0
100
AcDbLine
 10
1800.0
 20
-2200.0
 30
0.0
 11
8880.0
 21
-2200.0
 31
0.0
  0
MTEXT
  5
310
330
306
100
AcDbEntity
  8
09寸法
100
AcDbMText
 10
5340.0
 20
-2015.0
 30
0.0
 40
250.0
 71
5
  1
7,280
  7
DIM
  0
POINT
  5
311
330
306
100
AcDbEntity
  8
Defpoints
100
AcDbPoint
 10
1700.0
 20
-2200.0
 30
0.0
  0
POINT
  5
312
330
306
100
AcDbEntity
  8
Defpoints
100
AcDbPoint
 10
1700.0
 20
0.0
 30
0.0
  0
POINT
  5
313
330
306
100
AcDbEntity
  8
Defpoints
100
AcDbPoint
 10
8980.0
 20
0.0
 30
0.0
  0
ENDBLK
  5
308
330
306
100
AcDbEntity
  8
0
100
AcDbBlockEnd
  0
BLOCK
  5
316
330
315
100
AcDbEntity
  8
0
100
AcDbBlockBegin
  2
*D11
 70
1
 10
0.0
 20
0.0
 30
0.0
  3
*D11
  1

  0
LINE
  5
318
330
315
100
AcDbEntity
  8
0
100
AcDbLine
 10
8980.0
 20
-150.0
 30
0.0
 11
8980.0
 21
-2350.0
 31
0.0
  0
LINE
  5
319
330
315
100
AcDbEntity
  8
0
100
AcDbLine
 10
10980.0
 20
-150.0
 30
0.0
 11
10980.0
 21
-2350.0
 31
0.0
  0
INSERT
  5
31A
330
315
100
AcDbEntity
  8
09寸法
100
AcDbBlockReference
  2
_DOT
 10
8980.0
 20
-2200.0
 30
0.0
 41
100.0
 42
100.0
 50
180.0
  0
INSERT
  5
31C
330
315
100
AcDbEntity
  8
09寸法
100
AcDbBlockReference
  2
_DOT
 10
10980.0
 20
-2200.0
 30
0.0
 41
100.0
 42
100.0
  0
LINE
  5
31E
330
315
100
AcDbEntity
  8
0
100
AcDbLine
 10
9080.0
 20
-2200.0
 30
0.0
 11
10880.0
 21
-2200.0
 31
0.0
  0
MTEXT
  5
31F
330
315
100
AcDbEntity
  8
09寸法
100
AcDbMText
 10
9980.0
 20
-2015.0
 30
0.0
 40
250.0
 71
5
  1
2,000
  7
DIM
  0
POINT
  5
320
330
315
100
AcDbEntity
  8
Defpoints
100
AcDbPoint
 10
8980.0
 20
-2200.0
 30
0.0
  0
POINT
  5
321
330
315
100
AcDbEntity
  8
Defpoints
100
AcDbPoint
 10
8980.0
 20
0.0
 30
0.0
  0
POINT
  5
322
330
315
100
AcDbEntity
  8
Defpoints
100
AcDbPoint
 10
10980.0
 20
0.0
 30
0.0
  0
ENDBLK
  5
317
330
315
100
AcDbEntity
  8
0
100
AcDbBlockEnd
  0
BLOCK
  5
325
330
324
100
AcDbEntity
  8
0
100
AcDbBlockBegin
  2
*D12
 70
1
 10
0.0
 20
0.0
 30
0.0
  3
*D12
  1

  0
LINE
  5
327
330
324
100
AcDbEntity
  8
0
100
AcDbLine
 10
0.0
 20
-150.0
 30
0.0
 11
0.0
 21
-3150.0
 31
0.0
  0
LINE
  5
328
330
324
100
AcDbEntity
  8
0
100
AcDbLine
 10
10980.0
 20
-150.0
 30
0.0
 11
10980.0
 21
-3150.0
 31
0.0
  0
INSERT
  5
329
330
324
100
AcDbEntity
  8
09寸法
100
AcDbBlockReference
  2
_DOT
 10
0.0
 20
-3000.0
 30
0.0
 41
100.0
 42
100.0
 50
180.0
  0
INSERT
  5
32B
330
324
100
AcDbEntity
  8
09寸法
100
AcDbBlockReference
  2
_DOT
 10
10980.0
 20
-3000.0
 30
0.0
 41
100.0
 42
100.0
  0
LINE
  5
32D
330
324
100
AcDbEntity
  8
0
100
AcDbLine
 10
100.0
 20
-3000.0
 30
0.0
 11
10880.0
 21
-3000.0
 31
0.0
  0
MTEXT
  5
32E
330
324
100
AcDbEntity
  8
09寸法
100
AcDbMText
 10
5490.0
 20
-2815.0
 30
0.0
 40
250.0
 71
5
  1
11,000
  7
DIM
  0
POINT
  5
32F
330
324
100
AcDbEntity
  8
Defpoints
100
AcDbPoint
 10
0.0
 20
-3000.0
 30
0.0
  0
POINT
  5
330
330
324
100
AcDbEntity
  8
Defpoints
100
AcDbPoint
 10
0.0
 20
0.0
 30
0.0
  0
POINT
  5
331
330
324
100
AcDbEntity
  8
Defpoints
100
AcDbPoint
 10
10980.0
 20
0.0
 30
0.0
  0
ENDBLK
  5
326
330
324
100
AcDbEntity
  8
0
100
AcDbBlockEnd
  0
BLOCK
  5
334
330
333
100
AcDbEntity
  8
0
100
AcDbBlockBegin
  2
*D13
 70
1
 10
0.0
 20
0.0
 30
0.0
  3
*D13
  1

  0
LINE
  5
336
330
333
100
AcDbEntity
  8
0
100
AcDbLine
 10
-150.0
 20
10000.0
 30
0.0
 11
-1350.0
 21
10000.0
 31
0.0
  0
LINE
  5
337
330
333
100
AcDbEntity
  8
0
100
AcDbLine
 10
-150.0
 20
9090.0
 30
0.0
 11
-1350.0
 21
9090.0
 31
0.0
  0
INSERT
  5
338
330
333
100
AcDbEntity
  8
09寸法
100
AcDbBlockReference
  2
_DOT
 10
-1200.0
 20
10000.0
 30
0.0
 41
100.0
 42
100.0
 50
270.0
  0
INSERT
  5
33A
330
333
100
AcDbEntity
  8
09寸法
100
AcDbBlockReference
  2
_DOT
 10
-1200.0
 20
9090.0
 30
0.0
 41
100.0
 42
100.0
 50
90.0
  0
LINE
  5
33C
330
333
100
AcDbEntity
  8
0
100
AcDbLine
 10
-1200.0
 20
10100.0
 30
0.0
 11
-1200.0
 21
8990.0
 31
0.0
  0
MTEXT
  5
33D
330
333
100
AcDbEntity
  8
09寸法
100
AcDbMText
 10
-1015.0
 20
9545.0
 30
0.0
 40
250.0
 71
5
  1
910
  7
DIM
 50
90.0
  0
POINT
  5
33E
330
333
100
AcDbEntity
  8
Defpoints
100
AcDbPoint
 10
-1200.0
 20
10000.0
 30
0.0
  0
POINT
  5
33F
330
333
100
AcDbEntity
  8
Defpoints
100
AcDbPoint
 10
0.0
 20
10000.0
 30
0.0
  0
POINT
  5
340
330
333
100
AcDbEntity
  8
Defpoints
100
AcDbPoint
 10
0.0
 20
9090.0
 30
0.0
  0
ENDBLK
  5
335
330
333
100
AcDbEntity
  8
0
100
AcDbBlockEnd
  0
BLOCK
  5
343
330
342
100
AcDbEntity
  8
0
100
AcDbBlockBegin
  2
*D14
 70
1
 10
0.0
 20
0.0
 30
0.0
  3
*D14
  1

  0
LINE
  5
345
330
342
100
AcDbEntity
  8
0
100
AcDbLine
 10
-150.0
 20
9090.0
 30
0.0
 11
-1350.0
 21
9090.0
 31
0.0
  0
LINE
  5
346
330
342
100
AcDbEntity
  8
0
100
AcDbLine
 10
-150.0
 20
7270.0
 30
0.0
 11
-1350.0
 21
7270.0
 31
0.0
  0
INSERT
  5
347
330
342
100
AcDbEntity
  8
09寸法
100
AcDbBlockReference
  2
_DOT
 10
-1200.0
 20
9090.0
 30
0.0
 41
100.0
 42
100.0
 50
270.0
  0
INSERT
  5
349
330
342
100
AcDbEntity
  8
09寸法
100
AcDbBlockReference
  2
_DOT
 10
-1200.0
 20
7270.0
 30
0.0
 41
100.0
 42
100.0
 50
90.0
  0
LINE
  5
34B
330
342
100
AcDbEntity
  8
0
100
AcDbLine
 10
-1200.0
 20
9190.0
 30
0.0
 11
-1200.0
 21
7170.0
 31
0.0
  0
MTEXT
  5
34C
330
342
100
AcDbEntity
  8
09寸法
100
AcDbMText
 10
-1015.0
 20
8180.0
 30
0.0
 40
250.0
 71
5
  1
1,820
  7
DIM
 50
90.0
  0
POINT
  5
34D
330
342
100
AcDbEntity
  8
Defpoints
100
AcDbPoint
 10
-1200.0
 20
9090.0
 30
0.0
  0
POINT
  5
34E
330
342
100
AcDbEntity
  8
Defpoints
100
AcDbPoint
 10
0.0
 20
9090.0
 30
0.0
  0
POINT
  5
34F
330
342
100
AcDbEntity
  8
Defpoints
100
AcDbPoint
 10
0.0
 20
7270.0
 30
0.0
  0
ENDBLK
  5
344
330
342
100
AcDbEntity
  8
0
100
AcDbBlockEnd
  0
BLOCK
  5
352
330
351
100
AcDbEntity
  8
0
100
AcDbBlockBegin
  2
*D15
 70
1
 10
0.0
 20
0.0
 30
0.0
  3
*D15
  1

  0
LINE
  5
354
330
351
100
AcDbEntity
  8
0
100
AcDbLine
 10
-150.0
 20
7270.0
 30
0.0
 11
-1350.0
 21
7270.0
 31
0.0
  0
LINE
  5
355
330
351
100
AcDbEntity
  8
0
100
AcDbLine
 10
-150.0
 20
6360.0
 30
0.0
 11
-1350.0
 21
6360.0
 31
0.0
  0
INSERT
  5
356
330
351
100
AcDbEntity
  8
09寸法
100
AcDbBlockReference
  2
_DOT
 10
-1200.0
 20
7270.0
 30
0.0
 41
100.0
 42
100.0
 50
270.0
  0
INSERT
  5
358
330
351
100
AcDbEntity
  8
09寸法
100
AcDbBlockReference
  2
_DOT
 10
-1200.0
 20
6360.0
 30
0.0
 41
100.0
 42
100.0
 50
90.0
  0
LINE
  5
35A
330
351
100
AcDbEntity
  8
0
100
AcDbLine
 10
-1200.0
 20
7370.0
 30
0.0
 11
-1200.0
 21
6260.0
 31
0.0
  0
MTEXT
  5
35B
330
351
100
AcDbEntity
  8
09寸法
100
AcDbMText
 10
-1015.0
 20
6815.0
 30
0.0
 40
250.0
 71
5
  1
910
  7
DIM
 50
90.0
  0
POINT
  5
35C
330
351
100
AcDbEntity
  8
Defpoints
100
AcDbPoint
 10
-1200.0
 20
7270.0
 30
0.0
  0
POINT
  5
35D
330
351
100
AcDbEntity
  8
Defpoints
100
AcDbPoint
 10
0.0
 20
7270.0
 30
0.0
  0
POINT
  5
35E
330
351
100
AcDbEntity
  8
Defpoints
100
AcDbPoint
 10
0.0
 20
6360.0
 30
0.0
  0
ENDBLK
  5
353
330
351
100
AcDbEntity
  8
0
100
AcDbBlockEnd
  0
BLOCK
  5
361
330
360
100
AcDbEntity
  8
0
100
AcDbBlockBegin
  2
*D16
 70
1
 10
0.0
 20
0.0
 30
0.0
  3
*D16
  1

  0
LINE
  5
363
330
360
100
AcDbEntity
  8
0
100
AcDbLine
 10
-150.0
 20
6360.0
 30
0.0
 11
-1350.0
 21
6360.0
 31
0.0
  0
LINE
  5
364
330
360
100
AcDbEntity
  8
0
100
AcDbLine
 10
-150.0
 20
4540.0
 30
0.0
 11
-1350.0
 21
4540.0
 31
0.0
  0
INSERT
  5
365
330
360
100
AcDbEntity
  8
09寸法
100
AcDbBlockReference
  2
_DOT
 10
-1200.0
 20
6360.0
 30
0.0
 41
100.0
 42
100.0
 50
270.0
  0
INSERT
  5
367
330
360
100
AcDbEntity
  8
09寸法
100
AcDbBlockReference
  2
_DOT
 10
-1200.0
 20
4540.0
 30
0.0
 41
100.0
 42
100.0
 50
90.0
  0
LINE
  5
369
330
360
100
AcDbEntity
  8
0
100
AcDbLine
 10
-1200.0
 20
6460.0
 30
0.0
 11
-1200.0
 21
4440.0
 31
0.0
  0
MTEXT
  5
36A
330
360
100
AcDbEntity
  8
09寸法
100
AcDbMText
 10
-1015.0
 20
5450.0
 30
0.0
 40
250.0
 71
5
  1
1,820
  7
DIM
 50
90.0
  0
POINT
  5
36B
330
360
100
AcDbEntity
  8
Defpoints
100
AcDbPoint
 10
-1200.0
 20
6360.0
 30
0.0
  0
POINT
  5
36C
330
360
100
AcDbEntity
  8
Defpoints
100
AcDbPoint
 10
0.0
 20
6360.0
 30
0.0
  0
POINT
  5
36D
330
360
100
AcDbEntity
  8
Defpoints
100
AcDbPoint
 10
0.0
 20
4540.0
 30
0.0
  0
ENDBLK
  5
362
330
360
100
AcDbEntity
  8
0
100
AcDbBlockEnd
  0
BLOCK
  5
370
330
36F
100
AcDbEntity
  8
0
100
AcDbBlockBegin
  2
*D17
 70
1
 10
0.0
 20
0.0
 30
0.0
  3
*D17
  1

  0
LINE
  5
372
330
36F
100
AcDbEntity
  8
0
100
AcDbLine
 10
-150.0
 20
3540.0
 30
0.0
 11
-1350.0
 21
3540.0
 31
0.0
  0
LINE
  5
373
330
36F
100
AcDbEntity
  8
0
100
AcDbLine
 10
-150.0
 20
4540.0
 30
0.0
 11
-1350.0
 21
4540.0
 31
0.0
  0
INSERT
  5
374
330
36F
100
AcDbEntity
  8
09寸法
100
AcDbBlockReference
  2
_DOT
 10
-1200.0
 20
3540.0
 30
0.0
 41
100.0
 42
100.0
 50
270.0
  0
INSERT
  5
376
330
36F
100
AcDbEntity
  8
09寸法
100
AcDbBlockReference
  2
_DOT
 10
-1200.0
 20
4540.0
 30
0.0
 41
100.0
 42
100.0
 50
90.0
  0
LINE
  5
378
330
36F
100
AcDbEntity
  8
0
100
AcDbLine
 10
-1200.0
 20
3640.0
 30
0.0
 11
-1200.0
 21
4440.0
 31
0.0
  0
MTEXT
  5
379
330
36F
100
AcDbEntity
  8
09寸法
100
AcDbMText
 10
-1535.0
 20
4040.0
 30
0.0
 40
250.0
 71
5
  1
1,000
  7
DIM
 50
90.0
  0
POINT
  5
37A
330
36F
100
AcDbEntity
  8
Defpoints
100
AcDbPoint
 10
-1200.0
 20
3540.0
 30
0.0
  0
POINT
  5
37B
330
36F
100
AcDbEntity
  8
Defpoints
100
AcDbPoint
 10
0.0
 20
3540.0
 30
0.0
  0
POINT
  5
37C
330
36F
100
AcDbEntity
  8
Defpoints
100
AcDbPoint
 10
0.0
 20
4540.0
 30
0.0
  0
ENDBLK
  5
371
330
36F
100
AcDbEntity
  8
0
100
AcDbBlockEnd
  0
BLOCK
  5
37F
330
37E
100
AcDbEntity
  8
0
100
AcDbBlockBegin
  2
*D18
 70
1
 10
0.0
 20
0.0
 30
0.0
  3
*D18
  1

  0
LINE
  5
381
330
37E
100
AcDbEntity
  8
0
100
AcDbLine
 10
-150.0
 20
4540.0
 30
0.0
 11
-2150.0
 21
4540.0
 31
0.0
  0
LINE
  5
382
330
37E
100
AcDbEntity
  8
0
100
AcDbLine
 10
-150.0
 20
10000.0
 30
0.0
 11
-2150.0
 21
10000.0
 31
0.0
  0
INSERT
  5
383
330
37E
100
AcDbEntity
  8
09寸法
100
AcDbBlockReference
  2
_DOT
 10
-2000.0
 20
4540.0
 30
0.0
 41
100.0
 42
100.0
 50
270.0
  0
INSERT
  5
385
330
37E
100
AcDbEntity
  8
09寸法
100
AcDbBlockReference
  2
_DOT
 10
-2000.0
 20
10000.0
 30
0.0
 41
100.0
 42
100.0
 50
90.0
  0
LINE
  5
387
330
37E
100
AcDbEntity
  8
0
100
AcDbLine
 10
-2000.0
 20
4640.0
 30
0.0
 11
-2000.0
 21
9900.0
 31
0.0
  0
MTEXT
  5
388
330
37E
100
AcDbEntity
  8
09寸法
100
AcDbMText
 10
-2185.0
 20
7270.0
 30
0.0
 40
250.0
 71
5
  1
5,460
  7
DIM
 50
90.0
  0
POINT
  5
389
330
37E
100
AcDbEntity
  8
Defpoints
100
AcDbPoint
 10
-2000.0
 20
4540.0
 30
0.0
  0
POINT
  5
38A
330
37E
100
AcDbEntity
  8
Defpoints
100
AcDbPoint
 10
0.0
 20
4540.0
 30
0.0
  0
POINT
  5
38B
330
37E
100
AcDbEntity
  8
Defpoints
100
AcDbPoint
 10
0.0
 20
10000.0
 30
0.0
  0
ENDBLK
  5
380
330
37E
100
AcDbEntity
  8
0
100
AcDbBlockEnd
  0
BLOCK
  5
38E
330
38D
100
AcDbEntity
  8
0
100
AcDbBlockBegin
  2
*D19
 70
1
 10
0.0
 20
0.0
 30
0.0
  3
*D19
  1

  0
LINE
  5
390
330
38D
100
AcDbEntity
  8
0
100
AcDbLine
 10
-150.0
 20
0.0
 30
0.0
 11
-2950.0
 21
0.0
 31
0.0
  0
LINE
  5
391
330
38D
100
AcDbEntity
  8
0
100
AcDbLine
 10
-150.0
 20
12500.0
 30
0.0
 11
-2950.0
 21
12500.0
 31
0.0
  0
INSERT
  5
392
330
38D
100
AcDbEntity
  8
09寸法
100
AcDbBlockReference
  2
_DOT
 10
-2800.0
 20
0.0
 30
0.0
 41
100.0
 42
100.0
 50
270.0
  0
INSERT
  5
394
330
38D
100
AcDbEntity
  8
09寸法
100
AcDbBlockReference
  2
_DOT
 10
-2800.0
 20
12500.0
 30
0.0
 41
100.0
 42
100.0
 50
90.0
  0
LINE
  5
396
330
38D
100
AcDbEntity
  8
0
100
AcDbLine
 10
-2800.0
 20
100.0
 30
0.0
 11
-2800.0
 21
12400.0
 31
0.0
  0
MTEXT
  5
397
330
38D
100
AcDbEntity
  8
09寸法
100
AcDbMText
 10
-2985.0
 20
6250.0
 30
0.0
 40
250.0
 71
5
  1
12,500
  7
DIM
 50
90.0
  0
POINT
  5
398
330
38D
100
AcDbEntity
  8
Defpoints
100
AcDbPoint
 10
-2800.0
 20
0.0
 30
0.0
  0
POINT
  5
399
330
38D
100
AcDbEntity
  8
Defpoints
100
AcDbPoint
 10
0.0
 20
0.0
 30
0.0
  0
POINT
  5
39A
330
38D
100
AcDbEntity
  8
Defpoints
100
AcDbPoint
 10
0.0
 20
12500.0
 30
0.0
  0
ENDBLK
  5
38F
330
38D
100
AcDbEntity
  8
0
100
AcDbBlockEnd
  0
BLOCK
  5
39D
330
39C
100
AcDbEntity
  8
0
100
AcDbBlockBegin
  2
*D20
 70
1
 10
0.0
 20
0.0
 30
0.0
  3
*D20
  1

  0
LINE
  5
39F
330
39C
100
AcDbEntity
  8
0
100
AcDbLine
 10
11130.0
 20
10000.0
 30
0.0
 11
12530.0
 21
10000.0
 31
0.0
  0
LINE
  5
3A0
330
39C
100
AcDbEntity
  8
0
100
AcDbLine
 10
11130.0
 20
12500.0
 30
0.0
 11
12530.0
 21
12500.0
 31
0.0
  0
INSERT
  5
3A1
330
39C
100
AcDbEntity
  8
09寸法
100
AcDbBlockReference
  2
_DOT
 10
12380.0
 20
10000.0
 30
0.0
 41
100.0
 42
100.0
 50
270.0
  0
INSERT
  5
3A3
330
39C
100
AcDbEntity
  8
09寸法
100
AcDbBlockReference
  2
_DOT
 10
12380.0
 20
12500.0
 30
0.0
 41
100.0
 42
100.0
 50
90.0
  0
LINE
  5
3A5
330
39C
100
AcDbEntity
  8
0
100
AcDbLine
 10
12380.0
 20
10100.0
 30
0.0
 11
12380.0
 21
12400.0
 31
0.0
  0
MTEXT
  5
3A6
330
39C
100
AcDbEntity
  8
09寸法
100
AcDbMText
 10
12195.0
 20
11250.0
 30
0.0
 40
250.0
 71
5
  1
2,500
  7
DIM
 50
90.0
  0
POINT
  5
3A7
330
39C
100
AcDbEntity
  8
Defpoints
100
AcDbPoint
 10
12380.0
 20
10000.0
 30
0.0
  0
POINT
  5
3A8
330
39C
100
AcDbEntity
  8
Defpoints
100
AcDbPoint
 10
10980.0
 20
10000.0
 30
0.0
  0
POINT
  5
3A9
330
39C
100
AcDbEntity
  8
Defpoints
100
AcDbPoint
 10
10980.0
 20
12500.0
 30
0.0
  0
ENDBLK
  5
39E
330
39C
100
AcDbEntity
  8
0
100
AcDbBlockEnd
  0
BLOCK
  5
3AC
330
3AB
100
AcDbEntity
  8
0
100
AcDbBlockBegin
  2
*D21
 70
1
 10
0.0
 20
0.0
 30
0.0
  3
*D21
  1

  0
LINE
  5
3AE
330
3AB
100
AcDbEntity
  8
0
100
AcDbLine
 10
11130.0
 20
4540.0
 30
0.0
 11
12530.0
 21
4540.0
 31
0.0
  0
LINE
  5
3AF
330
3AB
100
AcDbEntity
  8
0
100
AcDbLine
 10
11130.0
 20
10000.0
 30
0.0
 11
12530.0
 21
10000.0
 31
0.0
  0
INSERT
  5
3B0
330
3AB
100
AcDbEntity
  8
09寸法
100
AcDbBlockReference
  2
_DOT
 10
12380.0
 20
4540.0
 30
0.0
 41
100.0
 42
100.0
 50
270.0
  0
INSERT
  5
3B2
330
3AB
100
AcDbEntity
  8
09寸法
100
AcDbBlockReference
  2
_DOT
 10
12380.0
 20
10000.0
 30
0.0
 41
100.0
 42
100.0
 50
90.0
  0
LINE
  5
3B4
330
3AB
100
AcDbEntity
  8
0
100
AcDbLine
 10
12380.0
 20
4640.0
 30
0.0
 11
12380.0
 21
9900.0
 31
0.0
  0
MTEXT
  5
3B5
330
3AB
100
AcDbEntity
  8
09寸法
100
AcDbMText
 10
12195.0
 20
7270.0
 30
0.0
 40
250.0
 71
5
  1
5,460
  7
DIM
 50
90.0
  0
POINT
  5
3B6
330
3AB
100
AcDbEntity
  8
Defpoints
100
AcDbPoint
 10
12380.0
 20
4540.0
 30
0.0
  0
POINT
  5
3B7
330
3AB
100
AcDbEntity
  8
Defpoints
100
AcDbPoint
 10
10980.0
 20
4540.0
 30
0.0
  0
POINT
  5
3B8
330
3AB
100
AcDbEntity
  8
Defpoints
100
AcDbPoint
 10
10980.0
 20
10000.0
 30
0.0
  0
ENDBLK
  5
3AD
330
3AB
100
AcDbEntity
  8
0
100
AcDbBlockEnd
  0
BLOCK
  5
3BB
330
3BA
100
AcDbEntity
  8
0
100
AcDbBlockBegin
  2
*D22
 70
1
 10
0.0
 20
0.0
 30
0.0
  3
*D22
  1

  0
LINE
  5
3BD
330
3BA
100
AcDbEntity
  8
0
100
AcDbLine
 10
11130.0
 20
0.0
 30
0.0
 11
13330.0
 21
0.0
 31
0.0
  0
LINE
  5
3BE
330
3BA
100
AcDbEntity
  8
0
100
AcDbLine
 10
11130.0
 20
12500.0
 30
0.0
 11
13330.0
 21
12500.0
 31
0.0
  0
INSERT
  5
3BF
330
3BA
100
AcDbEntity
  8
09寸法
100
AcDbBlockReference
  2
_DOT
 10
13180.0
 20
0.0
 30
0.0
 41
100.0
 42
100.0
 50
270.0
  0
INSERT
  5
3C1
330
3BA
100
AcDbEntity
  8
09寸法
100
AcDbBlockReference
  2
_DOT
 10
13180.0
 20
12500.0
 30
0.0
 41
100.0
 42
100.0
 50
90.0
  0
LINE
  5
3C3
330
3BA
100
AcDbEntity
  8
0
100
AcDbLine
 10
13180.0
 20
100.0
 30
0.0
 11
13180.0
 21
12400.0
 31
0.0
  0
MTEXT
  5
3C4
330
3BA
100
AcDbEntity
  8
09寸法
100
AcDbMText
 10
12995.0
 20
6250.0
 30
0.0
 40
250.0
 71
5
  1
12,500
  7
DIM
 50
90.0
  0
POINT
  5
3C5
330
3BA
100
AcDbEntity
  8
Defpoints
100
AcDbPoint
 10
13180.0
 20
0.0
 30
0.0
  0
POINT
  5
3C6
330
3BA
100
AcDbEntity
  8
Defpoints
100
AcDbPoint
 10
10980.0
 20
0.0
 30
0.0
  0
POINT
  5
3C7
330
3BA
100
AcDbEntity
  8
Defpoints
100
AcDbPoint
 10
10980.0
 20
12500.0
 30
0.0
  0
ENDBLK
  5
3BC
330
3BA
100
AcDbEntity
  8
0
100
AcDbBlockEnd
  0
ENDSEC
  0
SECTION
  2
ENTITIES
  0
LWPOLYLINE
  5
9A
330
17
100
AcDbEntity
  8
12切断線
100
AcDbPolyline
 90
2
 70
0
 10
800.0
 20
6060.0
 10
9880.0
 20
6060.0
  0
LWPOLYLINE
  5
9B
330
17
100
AcDbEntity
  8
12切断線
100
AcDbPolyline
 90
2
 70
0
 10
4130.0
 20
2720.0
 10
4130.0
 20
11800.0
  0
LWPOLYLINE
  5
9C
330
17
100
AcDbEntity
  8
12切断線
100
AcDbPolyline
 90
2
 70
0
 10
800.0
 20
6060.0
 10
800.0
 20
6460.0
  0
LWPOLYLINE
  5
9D
330
17
100
AcDbEntity
  8
12切断線
100
AcDbPolyline
 90
2
 70
0
 10
800.0
 20
6460.0
 10
800.0
 20
6060.0
  0
LWPOLYLINE
  5
9E
330
17
100
AcDbEntity
  8
12切断線
100
AcDbPolyline
 90
2
 70
0
 10
800.0
 20
6460.0
 10
800.0
 20
6060.0
  0
LWPOLYLINE
  5
9F
330
17
100
AcDbEntity
  8
12切断線
100
AcDbPolyline
 90
2
 70
0
 10
800.0
 20
6460.0
 10
990.5
 20
6060.0
  0
LWPOLYLINE
  5
A0
330
17
100
AcDbEntity
  8
12切断線
100
AcDbPolyline
 90
2
 70
0
 10
9880.0
 20
6060.0
 10
9880.0
 20
6460.0
  0
LWPOLYLINE
  5
A1
330
17
100
AcDbEntity
  8
12切断線
100
AcDbPolyline
 90
2
 70
0
 10
9880.0
 20
6460.0
 10
9880.0
 20
6060.0
  0
LWPOLYLINE
  5
A2
330
17
100
AcDbEntity
  8
12切断線
100
AcDbPolyline
 90
2
 70
0
 10
9880.0
 20
6460.0
 10
9880.0
 20
6060.0
  0
LWPOLYLINE
  5
A3
330
17
100
AcDbEntity
  8
12切断線
100
AcDbPolyline
 90
2
 70
0
 10
9880.0
 20
6460.0
 10
9689.5
 20
6060.0
  0
LWPOLYLINE
  5
A4
330
17
100
AcDbEntity
  8
12切断線
100
AcDbPolyline
 90
2
 70
0
 10
4947.6
 20
1820.9
 10
4947.6
 20
2220.9
  0
LWPOLYLINE
  5
A5
330
17
100
AcDbEntity
  8
12切断線
100
AcDbPolyline
 90
2
 70
0
 10
4947.6
 20
2220.9
 10
4947.6
 20
1820.9
  0
LWPOLYLINE
  5
A6
330
17
100
AcDbEntity
  8
12切断線
100
AcDbPolyline
 90
2
 70
0
 10
4947.6
 20
2220.9
 10
4947.6
 20
1820.9
  0
LWPOLYLINE
  5
A7
330
17
100
AcDbEntity
  8
12切断線
100
AcDbPolyline
 90
2
 70
0
 10
4947.6
 20
2220.9
 10
5138.1
 20
1820.9
  0
LWPOLYLINE
  5
A8
330
17
100
AcDbEntity
  8
12切断線
100
AcDbPolyline
 90
2
 70
0
 10
4130.0
 20
2720.0
 10
3730.0
 20
2720.0
  0
LWPOLYLINE
  5
A9
330
17
100
AcDbEntity
  8
12切断線
100
AcDbPolyline
 90
2
 70
0
 10
3730.0
 20
2720.0
 10
4130.0
 20
2720.0
  0
LWPOLYLINE
  5
AA
330
17
100
AcDbEntity
  8
12切断線
100
AcDbPolyline
 90
2
 70
0
 10
3730.0
 20
2720.0
 10
4130.0
 20
2720.0
  0
LWPOLYLINE
  5
AB
330
17
100
AcDbEntity
  8
12切断線
100
AcDbPolyline
 90
2
 70
0
 10
3730.0
 20
2720.0
 10
4130.0
 20
2910.5
  0
LWPOLYLINE
  5
AC
330
17
100
AcDbEntity
  8
12切断線
100
AcDbPolyline
 90
2
 70
0
 10
4130.0
 20
11800.0
 10
3730.0
 20
11800.0
  0
LWPOLYLINE
  5
AD
330
17
100
AcDbEntity
  8
12切断線
100
AcDbPolyline
 90
2
 70
0
 10
3730.0
 20
11800.0
 10
4130.0
 20
11800.0
  0
LWPOLYLINE
  5
AE
330
17
100
AcDbEntity
  8
12切断線
100
AcDbPolyline
 90
2
 70
0
 10
3730.0
 20
11800.0
 10
4130.0
 20
11800.0
  0
LWPOLYLINE
  5
AF
330
17
100
AcDbEntity
  8
12切断線
100
AcDbPolyline
 90
2
 70
0
 10
3730.0
 20
11800.0
 10
4130.0
 20
11609.5
  0
LWPOLYLINE
  5
B0
330
17
100
AcDbEntity
  8
16外構
100
AcDbPolyline
 90
2
 70
0
 10
0.0
 20
12400.0
 10
10980.0
 20
12400.0
  0
LWPOLYLINE
  5
B1
330
17
100
AcDbEntity
  8
16外構
100
AcDbPolyline
 90
2
 70
0
 10
0.0
 20
100.0
 10
10980.0
 20
100.0
  0
LWPOLYLINE
  5
B2
330
17
100
AcDbEntity
  8
16外構
100
AcDbPolyline
 90
2
 70
0
 10
10880.0
 20
8105.0
 10
10880.0
 20
0.0
  0
LWPOLYLINE
  5
B3
330
17
100
AcDbEntity
  8
16外構
100
AcDbPolyline
 90
2
 70
0
 10
100.0
 20
0.0
 10
100.0
 20
12500.0
  0
LWPOLYLINE
  5
B4
330
17
100
AcDbEntity
  8
16外構
100
AcDbPolyline
 90
2
 70
0
 10
4937.4
 20
10475.0
 10
9437.4
 20
10475.0
  0
LWPOLYLINE
  5
B5
330
17
100
AcDbEntity
  8
16外構
100
AcDbPolyline
 90
2
 70
0
 10
4937.4
 20
12075.0
 10
9437.4
 20
12075.0
  0
LWPOLYLINE
  5
B6
330
17
100
AcDbEntity
  8
16外構
100
AcDbPolyline
 90
2
 70
0
 10
7235.3
 20
3445.0
 10
1625.1
 20
3445.0
  0
LWPOLYLINE
  5
B7
330
17
100
AcDbEntity
  8
16外構
100
AcDbPolyline
 90
2
 70
0
 10
7235.3
 20
3945.0
 10
1625.1
 20
3945.0
  0
LWPOLYLINE
  5
B8
330
17
100
AcDbEntity
  8
16外構
100
AcDbPolyline
 90
2
 70
0
 10
1625.1
 20
4445.3
 10
1625.1
 20
3445.0
  0
LWPOLYLINE
  5
B9
330
17
100
AcDbEntity
  8
16外構
100
AcDbPolyline
 90
2
 70
0
 10
7234.9
 20
4444.9
 10
7234.9
 20
3445.3
  0
LWPOLYLINE
  5
BA
330
17
100
AcDbEntity
  8
16外構
100
AcDbPolyline
 90
2
 70
0
 10
5340.0
 20
3445.0
 10
5340.0
 20
4445.0
  0
LWPOLYLINE
  5
BB
330
17
100
AcDbEntity
  8
16外構
100
AcDbPolyline
 90
2
 70
0
 10
4840.0
 20
3445.0
 10
4840.0
 20
4445.0
  0
LWPOLYLINE
  5
BC
330
17
100
AcDbEntity
  8
16外構
100
AcDbPolyline
 90
2
 70
0
 10
4340.0
 20
3445.0
 10
4340.0
 20
4445.0
  0
LWPOLYLINE
  5
BD
330
17
100
AcDbEntity
  8
16外構
100
AcDbPolyline
 90
2
 70
0
 10
3840.0
 20
3445.0
 10
3840.0
 20
4445.0
  0
LWPOLYLINE
  5
BE
330
17
100
AcDbEntity
  8
16外構
100
AcDbPolyline
 90
2
 70
0
 10
3340.0
 20
3445.0
 10
3340.0
 20
4445.0
  0
LWPOLYLINE
  5
BF
330
17
100
AcDbEntity
  8
16外構
100
AcDbPolyline
 90
2
 70
0
 10
2840.0
 20
3445.0
 10
2840.0
 20
4445.0
  0
LWPOLYLINE
  5
C0
330
17
100
AcDbEntity
  8
16外構
100
AcDbPolyline
 90
2
 70
0
 10
2340.0
 20
3445.0
 10
2340.0
 20
4445.0
  0
LWPOLYLINE
  5
C1
330
17
100
AcDbEntity
  8
16外構
100
AcDbPolyline
 90
2
 70
0
 10
1840.0
 20
3445.0
 10
1840.0
 20
4445.0
  0
LWPOLYLINE
  5
C2
330
17
100
AcDbEntity
  8
16外構
100
AcDbPolyline
 90
2
 70
0
 10
5840.0
 20
3445.0
 10
5840.0
 20
4445.0
  0
LWPOLYLINE
  5
C3
330
17
100
AcDbEntity
  8
16外構
100
AcDbPolyline
 90
2
 70
0
 10
6340.0
 20
3445.0
 10
6340.0
 20
4445.0
  0
LWPOLYLINE
  5
C4
330
17
100
AcDbEntity
  8
16外構
100
AcDbPolyline
 90
2
 70
0
 10
6840.0
 20
3445.0
 10
6840.0
 20
4445.0
  0
LWPOLYLINE
  5
C5
330
17
100
AcDbEntity
  8
16外構
100
AcDbPolyline
 90
2
 70
0
 10
9055.0
 20
8105.0
 10
10955.0
 20
8105.0
  0
LWPOLYLINE
  5
C6
330
17
100
AcDbEntity
  8
16外構
100
AcDbPolyline
 90
2
 70
0
 10
9055.0
 20
8255.0
 10
10955.0
 20
8255.0
  0
LWPOLYLINE
  5
C7
330
17
100
AcDbEntity
  8
16外構
100
AcDbPolyline
 90
2
 70
0
 10
9055.0
 20
8605.0
 10
10955.0
 20
8605.0
  0
LWPOLYLINE
  5
C8
330
17
100
AcDbEntity
  8
16外構
100
AcDbPolyline
 90
2
 70
0
 10
9055.0
 20
8955.0
 10
10955.0
 20
8955.0
  0
LWPOLYLINE
  5
C9
330
17
100
AcDbEntity
  8
16外構
100
AcDbPolyline
 90
2
 70
0
 10
9055.0
 20
9305.0
 10
10955.0
 20
9305.0
  0
LWPOLYLINE
  5
CA
330
17
100
AcDbEntity
  8
16外構
100
AcDbPolyline
 90
2
 70
0
 10
9055.0
 20
9655.0
 10
10955.0
 20
9655.0
  0
LWPOLYLINE
  5
CB
330
17
100
AcDbEntity
  8
16外構
100
AcDbPolyline
 90
2
 70
0
 10
10980.0
 20
8105.0
 10
10680.0
 20
8105.0
  0
LWPOLYLINE
  5
CC
330
17
100
AcDbEntity
  8
16外構
100
AcDbPolyline
 90
2
 70
0
 10
10680.0
 20
8105.0
 10
10680.0
 20
8405.0
  0
LWPOLYLINE
  5
CD
330
17
100
AcDbEntity
  8
16外構
100
AcDbPolyline
 90
2
 70
0
 10
10680.0
 20
8405.0
 10
10980.0
 20
8405.0
  0
LWPOLYLINE
  5
CE
330
17
100
AcDbEntity
  8
16外構
100
AcDbPolyline
 90
2
 70
0
 10
10980.0
 20
8405.0
 10
10980.0
 20
8105.0
  0
LWPOLYLINE
  5
CF
330
17
100
AcDbEntity
  8
16外構
100
AcDbPolyline
 90
2
 70
0
 10
8980.0
 20
10075.0
 10
10980.0
 20
10075.0
  0
LWPOLYLINE
  5
D0
330
17
100
AcDbEntity
  8
16外構
100
AcDbPolyline
 90
2
 70
0
 10
10980.0
 20
10075.0
 10
10680.0
 20
10075.0
  0
LWPOLYLINE
  5
D1
330
17
100
AcDbEntity
  8
16外構
100
AcDbPolyline
 90
2
 70
0
 10
10680.0
 20
10075.0
 10
10680.0
 20
9775.0
  0
LWPOLYLINE
  5
D2
330
17
100
AcDbEntity
  8
16外構
100
AcDbPolyline
 90
2
 70
0
 10
10680.0
 20
9775.0
 10
10980.0
 20
9775.0
  0
LWPOLYLINE
  5
D3
330
17
100
AcDbEntity
  8
16外構
100
AcDbPolyline
 90
2
 70
0
 10
10980.0
 20
9775.0
 10
10980.0
 20
10075.0
  0
LWPOLYLINE
  5
D4
330
17
100
AcDbEntity
  8
16外構
100
AcDbPolyline
 90
2
 70
0
 10
10980.0
 20
10075.0
 10
10980.0
 20
8105.0
  0
LWPOLYLINE
  5
D5
330
17
100
AcDbEntity
  8
16外構
100
AcDbPolyline
 90
2
 70
0
 10
10830.0
 20
9775.0
 10
10830.0
 20
8405.0
  0
LWPOLYLINE
  5
D6
330
17
100
AcDbEntity
  8
16外構
100
AcDbPolyline
 90
2
 70
0
 10
9405.0
 20
8255.0
 10
9405.0
 20
10075.0
  0
LWPOLYLINE
  5
D7
330
17
100
AcDbEntity
  8
16外構
100
AcDbPolyline
 90
2
 70
0
 10
9755.0
 20
8255.0
 10
9755.0
 20
10075.0
  0
LWPOLYLINE
  5
D8
330
17
100
AcDbEntity
  8
16外構
100
AcDbPolyline
 90
2
 70
0
 10
10105.0
 20
8255.0
 10
10105.0
 20
10075.0
  0
LWPOLYLINE
  5
D9
330
17
100
AcDbEntity
  8
16外構
100
AcDbPolyline
 90
2
 70
0
 10
10455.0
 20
8255.0
 10
10455.0
 20
10075.0
  0
LWPOLYLINE
  5
DA
330
17
100
AcDbEntity
  8
16外構
100
AcDbPolyline
 90
2
 70
0
 10
4937.4
 20
12075.0
 10
4937.4
 20
10475.0
  0
LWPOLYLINE
  5
DB
330
17
100
AcDbEntity
  8
16外構
100
AcDbPolyline
 90
2
 70
0
 10
9437.4
 20
12075.0
 10
9437.4
 20
10475.0
  0
LWPOLYLINE
  5
DC
330
17
100
AcDbEntity
  8
16外構
100
AcDbPolyline
 90
2
 70
0
 10
4937.4
 20
12075.0
 10
9437.4
 20
11275.0
  0
LWPOLYLINE
  5
DD
330
17
100
AcDbEntity
  8
16外構
100
AcDbPolyline
 90
2
 70
0
 10
9437.4
 20
11275.0
 10
4937.4
 20
10475.0
  0
LWPOLYLINE
  5
DE
330
17
100
AcDbEntity
  8
03開口断面線
100
AcDbPolyline
 90
2
 70
0
 10
3596.7
 20
8230.0
 10
4474.9
 20
8230.0
  0
LWPOLYLINE
  5
DF
330
17
100
AcDbEntity
  8
03開口断面線
100
AcDbPolyline
 90
2
 70
0
 10
7285.0
 20
9005.0
 10
7285.0
 20
8255.0
  0
LWPOLYLINE
  5
E0
330
17
100
AcDbEntity
  8
03開口断面線
100
AcDbPolyline
 90
2
 70
0
 10
7945.0
 20
5575.0
 10
7235.0
 20
5575.0
  0
LWPOLYLINE
  5
E1
330
17
100
AcDbEntity
  8
03開口断面線
100
AcDbPolyline
 90
2
 70
0
 10
3445.0
 20
8965.0
 10
2735.0
 20
8965.0
  0
LWPOLYLINE
  5
E2
330
17
100
AcDbEntity
  8
03開口断面線
100
AcDbPolyline
 90
2
 70
0
 10
5415.0
 20
8105.0
 10
5415.0
 20
7725.0
  0
LWPOLYLINE
  5
E3
330
17
100
AcDbEntity
  8
03開口断面線
100
AcDbPolyline
 90
2
 70
0
 10
6175.0
 20
8105.0
 10
6175.0
 20
7725.0
  0
LWPOLYLINE
  5
E4
330
17
100
AcDbEntity
  8
03開口断面線
100
AcDbPolyline
 90
2
 70
0
 10
2685.0
 20
10025.0
 10
3115.0
 20
10025.0
  0
LWPOLYLINE
  5
E5
330
17
100
AcDbEntity
  8
03開口断面線
100
AcDbPolyline
 90
2
 70
0
 10
2845.0
 20
9875.0
 10
3445.0
 20
9875.0
  0
LWPOLYLINE
  5
E6
330
17
100
AcDbEntity
  8
03開口断面線
100
AcDbPolyline
 90
2
 70
0
 10
3015.0
 20
9975.0
 10
3445.0
 20
9975.0
  0
LWPOLYLINE
  5
E7
330
17
100
AcDbEntity
  8
03開口断面線
100
AcDbPolyline
 90
2
 70
0
 10
3065.0
 20
9875.0
 10
3065.0
 20
10125.0
  0
LWPOLYLINE
  5
E8
330
17
100
AcDbEntity
  8
03開口断面線
100
AcDbPolyline
 90
2
 70
0
 10
3595.0
 20
10025.0
 10
4025.0
 20
10025.0
  0
LWPOLYLINE
  5
E9
330
17
100
AcDbEntity
  8
03開口断面線
100
AcDbPolyline
 90
2
 70
0
 10
3925.0
 20
9975.0
 10
4355.0
 20
9975.0
  0
LWPOLYLINE
  5
EA
330
17
100
AcDbEntity
  8
03開口断面線
100
AcDbPolyline
 90
2
 70
0
 10
3975.0
 20
9875.0
 10
3975.0
 20
10125.0
  0
LWPOLYLINE
  5
EB
330
17
100
AcDbEntity
  8
03開口断面線
100
AcDbPolyline
 90
2
 70
0
 10
2685.0
 20
4545.0
 10
3570.0
 20
4545.0
  0
LWPOLYLINE
  5
EC
330
17
100
AcDbEntity
  8
03開口断面線
100
AcDbPolyline
 90
2
 70
0
 10
3470.0
 20
4495.0
 10
4355.0
 20
4495.0
  0
LWPOLYLINE
  5
ED
330
17
100
AcDbEntity
  8
03開口断面線
100
AcDbPolyline
 90
2
 70
0
 10
3520.0
 20
4395.0
 10
3520.0
 20
4645.0
  0
LWPOLYLINE
  5
EE
330
17
100
AcDbEntity
  8
03開口断面線
100
AcDbPolyline
 90
2
 70
0
 10
4505.0
 20
4545.0
 10
5390.0
 20
4545.0
  0
LWPOLYLINE
  5
EF
330
17
100
AcDbEntity
  8
03開口断面線
100
AcDbPolyline
 90
2
 70
0
 10
5290.0
 20
4495.0
 10
6175.0
 20
4495.0
  0
LWPOLYLINE
  5
F0
330
17
100
AcDbEntity
  8
03開口断面線
100
AcDbPolyline
 90
2
 70
0
 10
5340.0
 20
4395.0
 10
5340.0
 20
4645.0
  0
LWPOLYLINE
  5
F1
330
17
100
AcDbEntity
  8
03開口断面線
100
AcDbPolyline
 90
2
 70
0
 10
8980.0
 20
7345.0
 10
8980.0
 20
8105.0
  0
LWPOLYLINE
  5
F2
330
17
100
AcDbEntity
  8
03開口断面線
100
AcDbPolyline
 90
2
 70
0
 10
1675.0
 20
7345.0
 10
1675.0
 20
7775.0
  0
LWPOLYLINE
  5
F3
330
17
100
AcDbEntity
  8
03開口断面線
100
AcDbPolyline
 90
2
 70
0
 10
1725.0
 20
7675.0
 10
1725.0
 20
8105.0
  0
LWPOLYLINE
  5
F4
330
17
100
AcDbEntity
  8
03開口断面線
100
AcDbPolyline
 90
2
 70
0
 10
1825.0
 20
7725.0
 10
1575.0
 20
7725.0
  0
LWPOLYLINE
  5
F5
330
17
100
AcDbEntity
  8
03開口断面線
100
AcDbPolyline
 90
2
 70
0
 10
1675.0
 20
5525.0
 10
1675.0
 20
5955.0
  0
LWPOLYLINE
  5
F6
330
17
100
AcDbEntity
  8
03開口断面線
100
AcDbPolyline
 90
2
 70
0
 10
1725.0
 20
5855.0
 10
1725.0
 20
6285.0
  0
LWPOLYLINE
  5
F7
330
17
100
AcDbEntity
  8
03開口断面線
100
AcDbPolyline
 90
2
 70
0
 10
1825.0
 20
5905.0
 10
1575.0
 20
5905.0
  0
LWPOLYLINE
  5
F8
330
17
100
AcDbEntity
  8
03開口断面線
100
AcDbPolyline
 90
2
 70
0
 10
8435.0
 20
8255.0
 10
8435.0
 20
8655.0
  0
LWPOLYLINE
  5
F9
330
17
100
AcDbEntity
  8
03開口断面線
100
AcDbPolyline
 90
2
 70
0
 10
4474.2
 20
8228.7
 10
5264.0
 20
8228.7
  0
LWPOLYLINE
  5
FA
330
17
100
AcDbEntity
  8
03開口断面線
100
AcDbPolyline
 90
2
 70
0
 10
9910.0
 20
9775.0
 10
10830.0
 20
9775.0
  0
LWPOLYLINE
  5
FB
330
17
100
AcDbEntity
  8
03開口断面線
100
AcDbPolyline
 90
2
 70
0
 10
10380.0
 20
8405.0
 10
10830.0
 20
8405.0
  0
LWPOLYLINE
  5
FC
330
17
100
AcDbEntity
  8
02柱・壁(断面線)
100
AcDbPolyline
 90
2
 70
0
 10
1625.0
 20
10075.0
 10
2685.0
 20
10075.0
  0
LWPOLYLINE
  5
FD
330
17
100
AcDbEntity
  8
02柱・壁(断面線)
100
AcDbPolyline
 90
2
 70
0
 10
3445.0
 20
10075.0
 10
3595.0
 20
10075.0
  0
LWPOLYLINE
  5
FE
330
17
100
AcDbEntity
  8
02柱・壁(断面線)
100
AcDbPolyline
 90
2
 70
0
 10
4355.0
 20
10075.0
 10
6325.0
 20
10075.0
  0
LWPOLYLINE
  5
FF
330
17
100
AcDbEntity
  8
02柱・壁(断面線)
100
AcDbPolyline
 90
2
 70
0
 10
7085.0
 20
10075.0
 10
7235.0
 20
10075.0
  0
LWPOLYLINE
  5
100
330
17
100
AcDbEntity
  8
02柱・壁(断面線)
100
AcDbPolyline
 90
2
 70
0
 10
9055.0
 20
8255.0
 10
9055.0
 20
8105.0
  0
LWPOLYLINE
  5
101
330
17
100
AcDbEntity
  8
02柱・壁(断面線)
100
AcDbPolyline
 90
2
 70
0
 10
9055.0
 20
7345.0
 10
9055.0
 20
5375.0
  0
LWPOLYLINE
  5
102
330
17
100
AcDbEntity
  8
02柱・壁(断面線)
100
AcDbPolyline
 90
2
 70
0
 10
7235.0
 20
10075.0
 10
7235.0
 20
6285.0
  0
LWPOLYLINE
  5
103
330
17
100
AcDbEntity
  8
02柱・壁(断面線)
100
AcDbPolyline
 90
2
 70
0
 10
8435.0
 20
8255.0
 10
8435.0
 20
8105.0
  0
LWPOLYLINE
  5
104
330
17
100
AcDbEntity
  8
02柱・壁(断面線)
100
AcDbPolyline
 90
2
 70
0
 10
7235.0
 20
5525.0
 10
7235.0
 20
4445.0
  0
LWPOLYLINE
  5
105
330
17
100
AcDbEntity
  8
02柱・壁(断面線)
100
AcDbPolyline
 90
2
 70
0
 10
7235.0
 20
4445.0
 10
6175.0
 20
4445.0
  0
LWPOLYLINE
  5
106
330
17
100
AcDbEntity
  8
02柱・壁(断面線)
100
AcDbPolyline
 90
2
 70
0
 10
4505.0
 20
4445.0
 10
4355.0
 20
4445.0
  0
LWPOLYLINE
  5
107
330
17
100
AcDbEntity
  8
02柱・壁(断面線)
100
AcDbPolyline
 90
2
 70
0
 10
2685.0
 20
4445.0
 10
1625.0
 20
4445.0
  0
LWPOLYLINE
  5
108
330
17
100
AcDbEntity
  8
02柱・壁(断面線)
100
AcDbPolyline
 90
2
 70
0
 10
1625.0
 20
4445.0
 10
1625.0
 20
5525.0
  0
LWPOLYLINE
  5
109
330
17
100
AcDbEntity
  8
02柱・壁(断面線)
100
AcDbPolyline
 90
2
 70
0
 10
1625.0
 20
6285.0
 10
1625.0
 20
7345.0
  0
LWPOLYLINE
  5
10A
330
17
100
AcDbEntity
  8
02柱・壁(断面線)
100
AcDbPolyline
 90
2
 70
0
 10
1625.0
 20
8105.0
 10
1625.0
 20
10075.0
  0
LWPOLYLINE
  5
10B
330
17
100
AcDbEntity
  8
02柱・壁(断面線)
100
AcDbPolyline
 90
2
 70
0
 10
7085.0
 20
8105.0
 10
7235.0
 20
8105.0
  0
LWPOLYLINE
  5
10C
330
17
100
AcDbEntity
  8
02柱・壁(断面線)
100
AcDbPolyline
 90
2
 70
0
 10
8435.0
 20
8105.0
 10
9055.0
 20
8105.0
  0
LWPOLYLINE
  5
10D
330
17
100
AcDbEntity
  8
02柱・壁(断面線)
100
AcDbPolyline
 90
2
 70
0
 10
9055.0
 20
5525.0
 10
7085.0
 20
5525.0
  0
LWPOLYLINE
  5
10E
330
17
100
AcDbEntity
  8
02柱・壁(断面線)
100
AcDbPolyline
 90
2
 70
0
 10
3595.0
 20
10075.0
 10
3595.0
 20
9015.0
  0
LWPOLYLINE
  5
10F
330
17
100
AcDbEntity
  8
02柱・壁(断面線)
100
AcDbPolyline
 90
2
 70
0
 10
3595.0
 20
8255.0
 10
3595.0
 20
7184.6
  0
LWPOLYLINE
  5
110
330
17
100
AcDbEntity
  8
02柱・壁(断面線)
100
AcDbPolyline
 90
2
 70
0
 10
5415.0
 20
10075.0
 10
5415.0
 20
8105.0
  0
LWPOLYLINE
  5
111
330
17
100
AcDbEntity
  8
02柱・壁(断面線)
100
AcDbPolyline
 90
2
 70
0
 10
5415.0
 20
8255.0
 10
5265.0
 20
8255.0
  0
LWPOLYLINE
  5
112
330
17
100
AcDbEntity
  8
02柱・壁(断面線)
100
AcDbPolyline
 90
2
 70
0
 10
2535.0
 20
9925.0
 10
2535.0
 20
10075.0
  0
LWPOLYLINE
  5
113
330
17
100
AcDbEntity
  8
02柱・壁(断面線)
100
AcDbPolyline
 90
2
 70
0
 10
4355.0
 20
9925.0
 10
4355.0
 20
10075.0
  0
LWPOLYLINE
  5
114
330
17
100
AcDbEntity
  8
02柱・壁(断面線)
100
AcDbPolyline
 90
2
 70
0
 10
6175.0
 20
9925.0
 10
6175.0
 20
10075.0
  0
LWPOLYLINE
  5
115
330
17
100
AcDbEntity
  8
02柱・壁(断面線)
100
AcDbPolyline
 90
2
 70
0
 10
8905.0
 20
10075.0
 10
9055.0
 20
10075.0
  0
LWPOLYLINE
  5
116
330
17
100
AcDbEntity
  8
02柱・壁(断面線)
100
AcDbPolyline
 90
2
 70
0
 10
9055.0
 20
10075.0
 10
9055.0
 20
9925.0
  0
LWPOLYLINE
  5
117
330
17
100
AcDbEntity
  8
02柱・壁(断面線)
100
AcDbPolyline
 90
2
 70
0
 10
9055.0
 20
9925.0
 10
8905.0
 20
9925.0
  0
LWPOLYLINE
  5
118
330
17
100
AcDbEntity
  8
02柱・壁(断面線)
100
AcDbPolyline
 90
2
 70
0
 10
8905.0
 20
9925.0
 10
8905.0
 20
10075.0
  0
LWPOLYLINE
  5
119
330
17
100
AcDbEntity
  8
02柱・壁(断面線)
100
AcDbPolyline
 90
2
 70
0
 10
7235.0
 20
9015.0
 10
7085.0
 20
9015.0
  0
LWPOLYLINE
  5
11A
330
17
100
AcDbEntity
  8
02柱・壁(断面線)
100
AcDbPolyline
 90
2
 70
0
 10
7085.0
 20
8255.0
 10
7235.0
 20
8255.0
  0
LWPOLYLINE
  5
11B
330
17
100
AcDbEntity
  8
02柱・壁(断面線)
100
AcDbPolyline
 90
2
 70
0
 10
8435.0
 20
8255.0
 10
9055.0
 20
8255.0
  0
LWPOLYLINE
  5
11C
330
17
100
AcDbEntity
  8
02柱・壁(断面線)
100
AcDbPolyline
 90
2
 70
0
 10
7235.0
 20
7195.0
 10
7085.0
 20
7195.0
  0
LWPOLYLINE
  5
11D
330
17
100
AcDbEntity
  8
02柱・壁(断面線)
100
AcDbPolyline
 90
2
 70
0
 10
9055.0
 20
7195.0
 10
8905.0
 20
7195.0
  0
LWPOLYLINE
  5
11E
330
17
100
AcDbEntity
  8
02柱・壁(断面線)
100
AcDbPolyline
 90
2
 70
0
 10
7235.0
 20
6285.0
 10
7085.0
 20
6285.0
  0
LWPOLYLINE
  5
11F
330
17
100
AcDbEntity
  8
02柱・壁(断面線)
100
AcDbPolyline
 90
2
 70
0
 10
9055.0
 20
6285.0
 10
8905.0
 20
6285.0
  0
LWPOLYLINE
  5
120
330
17
100
AcDbEntity
  8
02柱・壁(断面線)
100
AcDbPolyline
 90
2
 70
0
 10
7995.0
 20
5375.0
 10
7995.0
 20
5525.0
  0
LWPOLYLINE
  5
121
330
17
100
AcDbEntity
  8
02柱・壁(断面線)
100
AcDbPolyline
 90
2
 70
0
 10
8905.0
 20
5375.0
 10
8905.0
 20
7345.0
  0
LWPOLYLINE
  5
122
330
17
100
AcDbEntity
  8
02柱・壁(断面線)
100
AcDbPolyline
 90
2
 70
0
 10
8905.0
 20
8105.0
 10
8905.0
 20
8255.0
  0
LWPOLYLINE
  5
123
330
17
100
AcDbEntity
  8
02柱・壁(断面線)
100
AcDbPolyline
 90
2
 70
0
 10
7085.0
 20
4445.0
 10
7085.0
 20
5525.0
  0
LWPOLYLINE
  5
124
330
17
100
AcDbEntity
  8
02柱・壁(断面線)
100
AcDbPolyline
 90
2
 70
0
 10
7085.0
 20
6285.0
 10
7085.0
 20
10075.0
  0
LWPOLYLINE
  5
125
330
17
100
AcDbEntity
  8
02柱・壁(断面線)
100
AcDbPolyline
 90
2
 70
0
 10
6175.0
 20
4445.0
 10
6175.0
 20
4595.0
  0
LWPOLYLINE
  5
126
330
17
100
AcDbEntity
  8
02柱・壁(断面線)
100
AcDbPolyline
 90
2
 70
0
 10
4355.0
 20
4445.0
 10
4355.0
 20
4595.0
  0
LWPOLYLINE
  5
127
330
17
100
AcDbEntity
  8
02柱・壁(断面線)
100
AcDbPolyline
 90
2
 70
0
 10
2535.0
 20
4445.0
 10
2535.0
 20
4595.0
  0
LWPOLYLINE
  5
128
330
17
100
AcDbEntity
  8
02柱・壁(断面線)
100
AcDbPolyline
 90
2
 70
0
 10
1625.0
 20
4595.0
 10
2685.0
 20
4595.0
  0
LWPOLYLINE
  5
129
330
17
100
AcDbEntity
  8
02柱・壁(断面線)
100
AcDbPolyline
 90
2
 70
0
 10
4355.0
 20
4595.0
 10
4505.0
 20
4595.0
  0
LWPOLYLINE
  5
12A
330
17
100
AcDbEntity
  8
02柱・壁(断面線)
100
AcDbPolyline
 90
2
 70
0
 10
6175.0
 20
4595.0
 10
7235.0
 20
4595.0
  0
LWPOLYLINE
  5
12B
330
17
100
AcDbEntity
  8
02柱・壁(断面線)
100
AcDbPolyline
 90
2
 70
0
 10
1625.0
 20
9165.0
 10
3595.0
 20
9165.0
  0
LWPOLYLINE
  5
12C
330
17
100
AcDbEntity
  8
02柱・壁(断面線)
100
AcDbPolyline
 90
2
 70
0
 10
2535.0
 20
9015.0
 10
2535.0
 20
9165.0
  0
LWPOLYLINE
  5
12D
330
17
100
AcDbEntity
  8
02柱・壁(断面線)
100
AcDbPolyline
 90
2
 70
0
 10
3595.0
 20
7195.0
 10
1625.0
 20
7195.0
  0
LWPOLYLINE
  5
12E
330
17
100
AcDbEntity
  8
02柱・壁(断面線)
100
AcDbPolyline
 90
2
 70
0
 10
2685.0
 20
7345.0
 10
2685.0
 20
7195.0
  0
LWPOLYLINE
  5
12F
330
17
100
AcDbEntity
  8
02柱・壁(断面線)
100
AcDbPolyline
 90
2
 70
0
 10
2535.0
 20
7195.0
 10
2535.0
 20
7345.0
  0
LWPOLYLINE
  5
130
330
17
100
AcDbEntity
  8
02柱・壁(断面線)
100
AcDbPolyline
 90
2
 70
0
 10
3445.0
 20
7195.0
 10
3445.0
 20
8255.0
  0
LWPOLYLINE
  5
131
330
17
100
AcDbEntity
  8
02柱・壁(断面線)
100
AcDbPolyline
 90
2
 70
0
 10
3445.0
 20
9015.0
 10
3445.0
 20
10075.0
  0
LWPOLYLINE
  5
132
330
17
100
AcDbEntity
  8
02柱・壁(断面線)
100
AcDbPolyline
 90
2
 70
0
 10
3595.0
 20
8105.0
 10
3445.0
 20
8105.0
  0
LWPOLYLINE
  5
133
330
17
100
AcDbEntity
  8
02柱・壁(断面線)
100
AcDbPolyline
 90
2
 70
0
 10
5265.0
 20
8105.0
 10
5265.0
 20
10075.0
  0
LWPOLYLINE
  5
134
330
17
100
AcDbEntity
  8
02柱・壁(断面線)
100
AcDbPolyline
 90
2
 70
0
 10
6325.0
 20
9165.0
 10
6325.0
 20
8105.0
  0
LWPOLYLINE
  5
135
330
17
100
AcDbEntity
  8
02柱・壁(断面線)
100
AcDbPolyline
 90
2
 70
0
 10
6325.0
 20
8105.0
 10
6175.0
 20
8105.0
  0
LWPOLYLINE
  5
136
330
17
100
AcDbEntity
  8
02柱・壁(断面線)
100
AcDbPolyline
 90
2
 70
0
 10
6175.0
 20
8105.0
 10
6175.0
 20
9165.0
  0
LWPOLYLINE
  5
137
330
17
100
AcDbEntity
  8
02柱・壁(断面線)
100
AcDbPolyline
 90
2
 70
0
 10
5265.0
 20
9165.0
 10
6325.0
 20
9165.0
  0
LWPOLYLINE
  5
138
330
17
100
AcDbEntity
  8
02柱・壁(断面線)
100
AcDbPolyline
 90
2
 70
0
 10
1775.0
 20
6285.0
 10
1625.0
 20
6285.0
  0
LWPOLYLINE
  5
139
330
17
100
AcDbEntity
  8
02柱・壁(断面線)
100
AcDbPolyline
 90
2
 70
0
 10
1775.0
 20
5375.0
 10
1625.0
 20
5375.0
  0
LWPOLYLINE
  5
13A
330
17
100
AcDbEntity
  8
02柱・壁(断面線)
100
AcDbPolyline
 90
2
 70
0
 10
1625.0
 20
5525.0
 10
1775.0
 20
5525.0
  0
LWPOLYLINE
  5
13B
330
17
100
AcDbEntity
  8
02柱・壁(断面線)
100
AcDbPolyline
 90
2
 70
0
 10
1625.0
 20
6435.0
 10
1775.0
 20
6435.0
  0
LWPOLYLINE
  5
13C
330
17
100
AcDbEntity
  8
02柱・壁(断面線)
100
AcDbPolyline
 90
2
 70
0
 10
6325.0
 20
9015.0
 10
5265.0
 20
9015.0
  0
LWPOLYLINE
  5
13D
330
17
100
AcDbEntity
  8
02柱・壁(断面線)
100
AcDbPolyline
 90
2
 70
0
 10
6175.0
 20
8255.0
 10
6325.0
 20
8255.0
  0
LWPOLYLINE
  5
13E
330
17
100
AcDbEntity
  8
02柱・壁(断面線)
100
AcDbPolyline
 90
2
 70
0
 10
3445.0
 20
8255.0
 10
3595.0
 20
8255.0
  0
LWPOLYLINE
  5
13F
330
17
100
AcDbEntity
  8
02柱・壁(断面線)
100
AcDbPolyline
 90
2
 70
0
 10
2685.0
 20
9165.0
 10
2685.0
 20
9015.0
  0
LWPOLYLINE
  5
140
330
17
100
AcDbEntity
  8
02柱・壁(断面線)
100
AcDbPolyline
 90
2
 70
0
 10
3595.0
 20
9015.0
 10
1625.0
 20
9015.0
  0
LWPOLYLINE
  5
141
330
17
100
AcDbEntity
  8
02柱・壁(断面線)
100
AcDbPolyline
 90
2
 70
0
 10
1775.0
 20
10075.0
 10
1775.0
 20
8105.0
  0
LWPOLYLINE
  5
142
330
17
100
AcDbEntity
  8
02柱・壁(断面線)
100
AcDbPolyline
 90
2
 70
0
 10
1775.0
 20
7345.0
 10
1775.0
 20
6285.0
  0
LWPOLYLINE
  5
143
330
17
100
AcDbEntity
  8
02柱・壁(断面線)
100
AcDbPolyline
 90
2
 70
0
 10
1775.0
 20
5525.0
 10
1775.0
 20
4445.0
  0
LWPOLYLINE
  5
144
330
17
100
AcDbEntity
  8
02柱・壁(断面線)
100
AcDbPolyline
 90
2
 70
0
 10
2685.0
 20
4595.0
 10
2685.0
 20
4445.0
  0
LWPOLYLINE
  5
145
330
17
100
AcDbEntity
  8
02柱・壁(断面線)
100
AcDbPolyline
 90
2
 70
0
 10
6325.0
 20
4595.0
 10
6325.0
 20
4445.0
  0
LWPOLYLINE
  5
146
330
17
100
AcDbEntity
  8
02柱・壁(断面線)
100
AcDbPolyline
 90
2
 70
0
 10
8145.0
 20
5525.0
 10
8145.0
 20
5375.0
  0
LWPOLYLINE
  5
147
330
17
100
AcDbEntity
  8
02柱・壁(断面線)
100
AcDbPolyline
 90
2
 70
0
 10
9055.0
 20
5375.0
 10
7085.0
 20
5375.0
  0
LWPOLYLINE
  5
148
330
17
100
AcDbEntity
  8
02柱・壁(断面線)
100
AcDbPolyline
 90
2
 70
0
 10
8905.0
 20
6435.0
 10
9055.0
 20
6435.0
  0
LWPOLYLINE
  5
149
330
17
100
AcDbEntity
  8
02柱・壁(断面線)
100
AcDbPolyline
 90
2
 70
0
 10
7085.0
 20
6435.0
 10
7235.0
 20
6435.0
  0
LWPOLYLINE
  5
14A
330
17
100
AcDbEntity
  8
02柱・壁(断面線)
100
AcDbPolyline
 90
2
 70
0
 10
8905.0
 20
7345.0
 10
9055.0
 20
7345.0
  0
LWPOLYLINE
  5
14B
330
17
100
AcDbEntity
  8
02柱・壁(断面線)
100
AcDbPolyline
 90
2
 70
0
 10
7085.0
 20
7345.0
 10
7235.0
 20
7345.0
  0
LWPOLYLINE
  5
14C
330
17
100
AcDbEntity
  8
02柱・壁(断面線)
100
AcDbPolyline
 90
2
 70
0
 10
7085.0
 20
9165.0
 10
7235.0
 20
9165.0
  0
LWPOLYLINE
  5
14D
330
17
100
AcDbEntity
  8
02柱・壁(断面線)
100
AcDbPolyline
 90
2
 70
0
 10
6325.0
 20
10075.0
 10
6325.0
 20
9925.0
  0
LWPOLYLINE
  5
14E
330
17
100
AcDbEntity
  8
02柱・壁(断面線)
100
AcDbPolyline
 90
2
 70
0
 10
4505.0
 20
10075.0
 10
4505.0
 20
9925.0
  0
LWPOLYLINE
  5
14F
330
17
100
AcDbEntity
  8
02柱・壁(断面線)
100
AcDbPolyline
 90
2
 70
0
 10
2685.0
 20
10075.0
 10
2685.0
 20
9925.0
  0
LWPOLYLINE
  5
150
330
17
100
AcDbEntity
  8
02柱・壁(断面線)
100
AcDbPolyline
 90
2
 70
0
 10
7235.0
 20
9925.0
 10
7085.0
 20
9925.0
  0
LWPOLYLINE
  5
151
330
17
100
AcDbEntity
  8
02柱・壁(断面線)
100
AcDbPolyline
 90
2
 70
0
 10
6325.0
 20
9925.0
 10
4355.0
 20
9925.0
  0
LWPOLYLINE
  5
152
330
17
100
AcDbEntity
  8
02柱・壁(断面線)
100
AcDbPolyline
 90
2
 70
0
 10
3595.0
 20
9925.0
 10
3445.0
 20
9925.0
  0
LWPOLYLINE
  5
153
330
17
100
AcDbEntity
  8
02柱・壁(断面線)
100
AcDbPolyline
 90
2
 70
0
 10
2685.0
 20
9925.0
 10
1625.0
 20
9925.0
  0
LWPOLYLINE
  5
154
330
17
100
AcDbEntity
  8
02柱・壁(断面線)
100
AcDbPolyline
 90
2
 70
0
 10
1775.0
 20
8105.0
 10
1625.0
 20
8105.0
  0
LWPOLYLINE
  5
155
330
17
100
AcDbEntity
  8
02柱・壁(断面線)
100
AcDbPolyline
 90
2
 70
0
 10
1625.0
 20
8255.0
 10
1775.0
 20
8255.0
  0
LWPOLYLINE
  5
156
330
17
100
AcDbEntity
  8
02柱・壁(断面線)
100
AcDbPolyline
 90
2
 70
0
 10
4505.0
 20
8180.0
 10
4505.0
 20
8105.0
  0
LWPOLYLINE
  5
157
330
17
100
AcDbEntity
  8
02柱・壁(断面線)
100
AcDbPolyline
 90
2
 70
0
 10
5415.0
 20
8105.0
 10
4355.0
 20
8105.0
  0
LWPOLYLINE
  5
158
330
17
100
AcDbEntity
  8
02柱・壁(断面線)
100
AcDbPolyline
 90
2
 70
0
 10
4355.0
 20
8105.0
 10
4355.0
 20
8180.0
  0
LWPOLYLINE
  5
159
330
17
100
AcDbEntity
  8
02柱・壁(断面線)
100
AcDbPolyline
 90
2
 70
0
 10
8585.0
 20
8255.0
 10
8585.0
 20
8105.0
  0
LWPOLYLINE
  5
15A
330
17
100
AcDbEntity
  8
02柱・壁(断面線)
100
AcDbPolyline
 90
2
 70
0
 10
4355.0
 20
8180.0
 10
5265.0
 20
8180.0
  0
LWPOLYLINE
  5
15B
330
17
100
AcDbEntity
  8
02柱・壁(断面線)
100
AcDbPolyline
 90
2
 70
0
 10
6325.0
 20
10075.0
 10
7085.0
 20
10075.0
  0
LWPOLYLINE
  5
15C
330
17
100
AcDbEntity
  8
02柱・壁(断面線)
100
AcDbPolyline
 90
2
 70
0
 10
6325.0
 20
9925.0
 10
7085.0
 20
9925.0
  0
LWPOLYLINE
  5
15D
330
17
100
AcDbEntity
  8
02柱・壁(断面線)
100
AcDbPolyline
 90
2
 70
0
 10
4505.0
 20
4595.0
 10
4505.0
 20
4445.0
  0
LWPOLYLINE
  5
15E
330
17
100
AcDbEntity
  8
02柱・壁(断面線)
100
AcDbPolyline
 90
2
 70
0
 10
1625.0
 20
7345.0
 10
3595.0
 20
7345.0
  0
LWPOLYLINE
  5
15F
330
17
100
AcDbEntity
  8
10線一般(中線)
100
AcDbPolyline
 90
2
 70
0
 10
7435.0
 20
10075.0
 10
7435.0
 20
8255.0
  0
LWPOLYLINE
  5
160
330
17
100
AcDbEntity
  8
10線一般(中線)
100
AcDbPolyline
 90
2
 70
0
 10
7635.0
 20
10075.0
 10
7635.0
 20
8255.0
  0
LWPOLYLINE
  5
161
330
17
100
AcDbEntity
  8
10線一般(中線)
100
AcDbPolyline
 90
2
 70
0
 10
7835.0
 20
10075.0
 10
7835.0
 20
8255.0
  0
LWPOLYLINE
  5
162
330
17
100
AcDbEntity
  8
10線一般(中線)
100
AcDbPolyline
 90
2
 70
0
 10
8035.0
 20
10075.0
 10
8035.0
 20
8255.0
  0
LWPOLYLINE
  5
163
330
17
100
AcDbEntity
  8
10線一般(中線)
100
AcDbPolyline
 90
2
 70
0
 10
8235.0
 20
10075.0
 10
8235.0
 20
8255.0
  0
LWPOLYLINE
  5
164
330
17
100
AcDbEntity
  8
10線一般(中線)
100
AcDbPolyline
 90
2
 70
0
 10
8435.0
 20
10075.0
 10
8435.0
 20
8255.0
  0
LWPOLYLINE
  5
165
330
17
100
AcDbEntity
  8
10線一般(中線)
100
AcDbPolyline
 90
2
 70
0
 10
8635.0
 20
10075.0
 10
8635.0
 20
8255.0
  0
LWPOLYLINE
  5
166
330
17
100
AcDbEntity
  8
10線一般(中線)
100
AcDbPolyline
 90
2
 70
0
 10
8835.0
 20
10075.0
 10
8835.0
 20
8255.0
  0
LWPOLYLINE
  5
167
330
17
100
AcDbEntity
  8
10線一般(中線)
100
AcDbPolyline
 90
2
 70
0
 10
8035.0
 20
10075.0
 10
8035.0
 20
8255.0
  0
LWPOLYLINE
  5
168
330
17
100
AcDbEntity
  8
10線一般(中線)
100
AcDbPolyline
 90
2
 70
0
 10
9055.0
 20
6825.0
 10
7085.0
 20
6825.0
  0
LWPOLYLINE
  5
169
330
17
100
AcDbEntity
  8
10線一般(中線)
100
AcDbPolyline
 90
2
 70
0
 10
7235.0
 20
8455.0
 10
9055.0
 20
8455.0
  0
LWPOLYLINE
  5
16A
330
17
100
AcDbEntity
  8
10線一般(中線)
100
AcDbPolyline
 90
2
 70
0
 10
7235.0
 20
8655.0
 10
9055.0
 20
8655.0
  0
LWPOLYLINE
  5
16B
330
17
100
AcDbEntity
  8
10線一般(中線)
100
AcDbPolyline
 90
2
 70
0
 10
7235.0
 20
8855.0
 10
9055.0
 20
8855.0
  0
LWPOLYLINE
  5
16C
330
17
100
AcDbEntity
  8
10線一般(中線)
100
AcDbPolyline
 90
2
 70
0
 10
7235.0
 20
9055.0
 10
9055.0
 20
9055.0
  0
LWPOLYLINE
  5
16D
330
17
100
AcDbEntity
  8
10線一般(中線)
100
AcDbPolyline
 90
2
 70
0
 10
7235.0
 20
9255.0
 10
9055.0
 20
9255.0
  0
LWPOLYLINE
  5
16E
330
17
100
AcDbEntity
  8
10線一般(中線)
100
AcDbPolyline
 90
2
 70
0
 10
7235.0
 20
9455.0
 10
9055.0
 20
9455.0
  0
LWPOLYLINE
  5
16F
330
17
100
AcDbEntity
  8
10線一般(中線)
100
AcDbPolyline
 90
2
 70
0
 10
7235.0
 20
9655.0
 10
9055.0
 20
9655.0
  0
LWPOLYLINE
  5
170
330
17
100
AcDbEntity
  8
10線一般(中線)
100
AcDbPolyline
 90
2
 70
0
 10
7235.0
 20
9855.0
 10
9055.0
 20
9855.0
  0
LWPOLYLINE
  5
171
330
17
100
AcDbEntity
  8
10線一般(中線)
100
AcDbPolyline
 90
2
 70
0
 10
6325.0
 20
8105.0
 10
7085.0
 20
8105.0
  0
LWPOLYLINE
  5
172
330
17
100
AcDbEntity
  8
10線一般(中線)
100
AcDbPolyline
 90
2
 70
0
 10
6325.0
 20
9165.0
 10
7085.0
 20
9165.0
  0
LWPOLYLINE
  5
173
330
17
100
AcDbEntity
  8
10線一般(中線)
100
AcDbPolyline
 90
2
 70
0
 10
6325.0
 20
8953.0
 10
7085.0
 20
8953.0
  0
LWPOLYLINE
  5
174
330
17
100
AcDbEntity
  8
10線一般(中線)
100
AcDbPolyline
 90
2
 70
0
 10
6325.0
 20
8741.0
 10
7085.0
 20
8741.0
  0
LWPOLYLINE
  5
175
330
17
100
AcDbEntity
  8
10線一般(中線)
100
AcDbPolyline
 90
2
 70
0
 10
6325.0
 20
8529.0
 10
7085.0
 20
8529.0
  0
LWPOLYLINE
  5
176
330
17
100
AcDbEntity
  8
10線一般(中線)
100
AcDbPolyline
 90
2
 70
0
 10
6325.0
 20
8317.0
 10
7085.0
 20
8317.0
  0
LWPOLYLINE
  5
177
330
17
100
AcDbEntity
  8
10線一般(中線)
100
AcDbPolyline
 90
2
 70
0
 10
6325.0
 20
9165.0
 10
6325.0
 20
9925.0
  0
LWPOLYLINE
  5
178
330
17
100
AcDbEntity
  8
10線一般(中線)
100
AcDbPolyline
 90
2
 70
0
 10
6325.0
 20
9165.0
 10
7085.0
 20
9925.0
  0
LWPOLYLINE
  5
179
330
17
100
AcDbEntity
  8
10線一般(中線)
100
AcDbPolyline
 90
2
 70
0
 10
6113.0
 20
9165.0
 10
6113.0
 20
9925.0
  0
LWPOLYLINE
  5
17A
330
17
100
AcDbEntity
  8
10線一般(中線)
100
AcDbPolyline
 90
2
 70
0
 10
5901.0
 20
9676.0
 10
5901.0
 20
9714.9
  0
LWPOLYLINE
  5
17B
330
17
100
AcDbEntity
  8
10線一般(中線)
100
AcDbPolyline
 90
2
 70
0
 10
5901.0
 20
9760.4
 10
5901.0
 20
9925.0
  0
LWPOLYLINE
  5
17C
330
17
100
AcDbEntity
  8
10線一般(中線)
100
AcDbPolyline
 90
2
 70
0
 10
6080.0
 20
9017.0
 10
5923.9
 20
9669.6
  0
LWPOLYLINE
  5
17D
330
17
100
AcDbEntity
  8
10線一般(中線)
100
AcDbPolyline
 90
2
 70
0
 10
5901.0
 20
9760.6
 10
5825.9
 20
10072.6
  0
LWPOLYLINE
  5
17E
330
17
100
AcDbEntity
  8
10線一般(中線)
100
AcDbPolyline
 90
2
 70
0
 10
5900.0
 20
9760.7
 10
5985.9
 20
9737.7
  0
LWPOLYLINE
  5
17F
330
17
100
AcDbEntity
  8
10線一般(中線)
100
AcDbPolyline
 90
2
 70
0
 10
5985.9
 20
9737.7
 10
5828.4
 20
9695.5
  0
LWPOLYLINE
  5
180
330
17
100
AcDbEntity
  8
10線一般(中線)
100
AcDbPolyline
 90
2
 70
0
 10
5828.4
 20
9695.5
 10
5924.7
 20
9669.7
  0
LWPOLYLINE
  5
181
330
17
100
AcDbEntity
  8
10線一般(中線)
100
AcDbPolyline
 90
2
 70
0
 10
6705.0
 20
8105.0
 10
6705.0
 20
9545.0
  0
LWPOLYLINE
  5
182
330
17
100
AcDbEntity
  8
10線一般(中線)
100
AcDbPolyline
 90
2
 70
0
 10
6705.0
 20
9545.0
 10
6705.0
 20
9672.2
  0
LWPOLYLINE
  5
183
330
17
100
AcDbEntity
  8
10線一般(中線)
100
AcDbPolyline
 90
2
 70
0
 10
6705.0
 20
9672.2
 10
5951.2
 20
9672.2
  0
LWPOLYLINE
  5
184
330
17
100
AcDbEntity
  8
10線一般(中線)
100
AcDbPolyline
 90
2
 70
0
 10
9055.0
 20
8255.0
 10
9055.0
 20
10000.0
  0
LWPOLYLINE
  5
185
330
17
100
AcDbEntity
  8
10線一般(中線)
100
AcDbPolyline
 90
2
 70
0
 10
7235.0
 20
10075.0
 10
8905.0
 20
10075.0
  0
LWPOLYLINE
  5
186
330
17
100
AcDbEntity
  8
10線一般(中線)
100
AcDbPolyline
 90
2
 70
0
 10
5951.2
 20
9672.2
 10
5994.5
 20
9697.2
  0
LWPOLYLINE
  5
187
330
17
100
AcDbEntity
  8
10線一般(中線)
100
AcDbPolyline
 90
2
 70
0
 10
5951.2
 20
9672.2
 10
5994.5
 20
9647.2
  0
LWPOLYLINE
  5
188
330
17
100
AcDbEntity
  8
04開口見えがかり線
100
AcDbPolyline
 90
2
 70
0
 10
7235.0
 20
6285.0
 10
7235.0
 20
5525.0
  0
LWPOLYLINE
  5
189
330
17
100
AcDbEntity
  8
04開口見えがかり線
100
AcDbPolyline
 90
2
 70
0
 10
7085.0
 20
5525.0
 10
7085.0
 20
6285.0
  0
LWPOLYLINE
  5
18A
330
17
100
AcDbEntity
  8
04開口見えがかり線
100
AcDbPolyline
 90
23
 70
0
 10
7945.0
 20
5575.0
 10
7943.3
 20
5624.5
 10
7938.1
 20
5673.8
 10
7929.5
 20
5722.6
 10
7917.5
 20
5770.7
 10
7902.2
 20
5817.8
 10
7883.6
 20
5863.8
 10
7861.9
 20
5908.3
 10
7837.1
 20
5951.2
 10
7809.4
 20
5992.3
 10
7778.9
 20
6031.4
 10
7745.7
 20
6068.2
 10
7710.1
 20
6102.6
 10
7672.1
 20
6134.5
 10
7632.0
 20
6163.6
 10
7590.0
 20
6189.9
 10
7546.2
 20
6213.1
 10
7501.0
 20
6233.3
 10
7454.4
 20
6250.3
 10
7406.8
 20
6263.9
 10
7358.3
 20
6274.2
 10
7309.2
 20
6281.1
 10
7235.0
 20
6285.0
  0
LWPOLYLINE
  5
18B
330
17
100
AcDbEntity
  8
04開口見えがかり線
100
AcDbPolyline
 90
2
 70
0
 10
3445.0
 20
8255.0
 10
3445.0
 20
9015.0
  0
LWPOLYLINE
  5
18C
330
17
100
AcDbEntity
  8
04開口見えがかり線
100
AcDbPolyline
 90
2
 70
0
 10
3595.0
 20
9015.0
 10
3595.0
 20
8255.0
  0
LWPOLYLINE
  5
18D
330
17
100
AcDbEntity
  8
04開口見えがかり線
100
AcDbPolyline
 90
23
 70
0
 10
2735.0
 20
8965.0
 10
2736.7
 20
8915.5
 10
2741.9
 20
8866.2
 10
2750.5
 20
8817.4
 10
2762.5
 20
8769.3
 10
2777.8
 20
8722.2
 10
2796.4
 20
8676.2
 10
2818.1
 20
8631.7
 10
2842.9
 20
8588.8
 10
2870.6
 20
8547.7
 10
2901.1
 20
8508.6
 10
2934.3
 20
8471.8
 10
2969.9
 20
8437.4
 10
3007.9
 20
8405.5
 10
3048.0
 20
8376.4
 10
3090.0
 20
8350.1
 10
3133.8
 20
8326.9
 10
3179.0
 20
8306.7
 10
3225.6
 20
8289.7
 10
3273.2
 20
8276.1
 10
3321.7
 20
8265.8
 10
3370.8
 20
8258.9
 10
3445.0
 20
8255.0
  0
LWPOLYLINE
  5
18E
330
17
100
AcDbEntity
  8
04開口見えがかり線
100
AcDbPolyline
 90
2
 70
0
 10
5415.0
 20
8255.0
 10
6175.0
 20
8255.0
  0
LWPOLYLINE
  5
18F
330
17
100
AcDbEntity
  8
04開口見えがかり線
100
AcDbPolyline
 90
2
 70
0
 10
5415.0
 20
8105.0
 10
6175.0
 20
8105.0
  0
LWPOLYLINE
  5
190
330
17
100
AcDbEntity
  8
04開口見えがかり線
100
AcDbPolyline
 90
23
 70
0
 10
5795.0
 20
8105.0
 10
5794.1
 20
8078.5
 10
5791.3
 20
8052.1
 10
5786.7
 20
8026.0
 10
5780.3
 20
8000.3
 10
5772.1
 20
7975.0
 10
5762.1
 20
7950.4
 10
5750.5
 20
7926.6
 10
5737.3
 20
7903.6
 10
5722.4
 20
7881.6
 10
5706.1
 20
7860.7
 10
5688.3
 20
7841.0
 10
5669.3
 20
7822.6
 10
5649.0
 20
7805.6
 10
5627.5
 20
7790.0
 10
5605.0
 20
7775.9
 10
5581.6
 20
7763.5
 10
5557.4
 20
7752.7
 10
5532.4
 20
7743.6
 10
5506.9
 20
7736.3
 10
5481.0
 20
7730.8
 10
5454.7
 20
7727.1
 10
5415.0
 20
7725.0
  0
LWPOLYLINE
  5
191
330
17
100
AcDbEntity
  8
04開口見えがかり線
100
AcDbPolyline
 90
23
 70
0
 10
5795.0
 20
8105.0
 10
5795.9
 20
8078.5
 10
5798.7
 20
8052.1
 10
5803.3
 20
8026.0
 10
5809.7
 20
8000.3
 10
5817.9
 20
7975.0
 10
5827.9
 20
7950.4
 10
5839.5
 20
7926.6
 10
5852.7
 20
7903.6
 10
5867.6
 20
7881.6
 10
5883.9
 20
7860.7
 10
5901.7
 20
7841.0
 10
5920.7
 20
7822.6
 10
5941.0
 20
7805.6
 10
5962.5
 20
7790.0
 10
5985.0
 20
7775.9
 10
6008.4
 20
7763.5
 10
6032.6
 20
7752.7
 10
6057.6
 20
7743.6
 10
6083.1
 20
7736.3
 10
6109.0
 20
7730.8
 10
6135.3
 20
7727.1
 10
6175.0
 20
7725.0
  0
LWPOLYLINE
  5
192
330
17
100
AcDbEntity
  8
04開口見えがかり線
100
AcDbPolyline
 90
2
 70
0
 10
2685.0
 20
10075.0
 10
3445.0
 20
10075.0
  0
LWPOLYLINE
  5
193
330
17
100
AcDbEntity
  8
04開口見えがかり線
100
AcDbPolyline
 90
2
 70
0
 10
2685.0
 20
9925.0
 10
3445.0
 20
9925.0
  0
LWPOLYLINE
  5
194
330
17
100
AcDbEntity
  8
04開口見えがかり線
100
AcDbPolyline
 90
2
 70
0
 10
3595.0
 20
10075.0
 10
4355.0
 20
10075.0
  0
LWPOLYLINE
  5
195
330
17
100
AcDbEntity
  8
04開口見えがかり線
100
AcDbPolyline
 90
2
 70
0
 10
3595.0
 20
9925.0
 10
4355.0
 20
9925.0
  0
LWPOLYLINE
  5
196
330
17
100
AcDbEntity
  8
04開口見えがかり線
100
AcDbPolyline
 90
2
 70
0
 10
2685.0
 20
4595.0
 10
4355.0
 20
4595.0
  0
LWPOLYLINE
  5
197
330
17
100
AcDbEntity
  8
04開口見えがかり線
100
AcDbPolyline
 90
2
 70
0
 10
2685.0
 20
4445.0
 10
4355.0
 20
4445.0
  0
LWPOLYLINE
  5
198
330
17
100
AcDbEntity
  8
04開口見えがかり線
100
AcDbPolyline
 90
2
 70
0
 10
4505.0
 20
4595.0
 10
6175.0
 20
4595.0
  0
LWPOLYLINE
  5
199
330
17
100
AcDbEntity
  8
04開口見えがかり線
100
AcDbPolyline
 90
2
 70
0
 10
4505.0
 20
4445.0
 10
6175.0
 20
4445.0
  0
LWPOLYLINE
  5
19A
330
17
100
AcDbEntity
  8
04開口見えがかり線
100
AcDbPolyline
 90
2
 70
0
 10
9055.0
 20
7345.0
 10
9055.0
 20
8105.0
  0
LWPOLYLINE
  5
19B
330
17
100
AcDbEntity
  8
04開口見えがかり線
100
AcDbPolyline
 90
2
 70
0
 10
8905.0
 20
8105.0
 10
8905.0
 20
7345.0
  0
LWPOLYLINE
  5
19C
330
17
100
AcDbEntity
  8
04開口見えがかり線
100
AcDbPolyline
 90
2
 70
0
 10
7235.0
 20
8255.0
 10
8435.0
 20
8255.0
  0
LWPOLYLINE
  5
19D
330
17
100
AcDbEntity
  8
04開口見えがかり線
100
AcDbPolyline
 90
2
 70
0
 10
8435.0
 20
8105.0
 10
7235.0
 20
8105.0
  0
LWPOLYLINE
  5
19E
330
17
100
AcDbEntity
  8
04開口見えがかり線
100
AcDbPolyline
 90
2
 70
0
 10
1625.0
 20
7345.0
 10
1625.0
 20
8105.0
  0
LWPOLYLINE
  5
19F
330
17
100
AcDbEntity
  8
04開口見えがかり線
100
AcDbPolyline
 90
2
 70
0
 10
1775.0
 20
7345.0
 10
1775.0
 20
8105.0
  0
LWPOLYLINE
  5
1A0
330
17
100
AcDbEntity
  8
04開口見えがかり線
100
AcDbPolyline
 90
2
 70
0
 10
1625.0
 20
5525.0
 10
1625.0
 20
6285.0
  0
LWPOLYLINE
  5
1A1
330
17
100
AcDbEntity
  8
04開口見えがかり線
100
AcDbPolyline
 90
2
 70
0
 10
1775.0
 20
5525.0
 10
1775.0
 20
6285.0
  0
LWPOLYLINE
  5
1A2
330
17
100
AcDbEntity
  8
04開口見えがかり線
100
AcDbPolyline
 90
23
 70
0
 10
8035.0
 20
8255.0
 10
8033.2
 20
8307.3
 10
8027.7
 20
8359.4
 10
8018.6
 20
8410.9
 10
8005.9
 20
8461.7
 10
7989.8
 20
8511.5
 10
7970.2
 20
8560.1
 10
7947.2
 20
8607.1
 10
7921.0
 20
8652.4
 10
7891.8
 20
8695.8
 10
7859.5
 20
8737.1
 10
7824.5
 20
8776.0
 10
7786.8
 20
8812.4
 10
7746.7
 20
8846.0
 10
7704.4
 20
8876.8
 10
7660.0
 20
8904.5
 10
7613.8
 20
8929.1
 10
7566.0
 20
8950.4
 10
7516.8
 20
8968.3
 10
7466.4
 20
8982.7
 10
7415.2
 20
8993.6
 10
7363.4
 20
9000.9
 10
7285.0
 20
9005.0
  0
LWPOLYLINE
  5
1A3
330
17
100
AcDbEntity
  8
04開口見えがかり線
100
AcDbPolyline
 90
23
 70
0
 10
8435.0
 20
8655.0
 10
8407.1
 20
8654.0
 10
8379.3
 20
8651.1
 10
8351.8
 20
8646.3
 10
8324.7
 20
8639.5
 10
8298.2
 20
8630.9
 10
8272.3
 20
8620.4
 10
8247.2
 20
8608.2
 10
8223.0
 20
8594.2
 10
8199.9
 20
8578.6
 10
8177.9
 20
8561.4
 10
8157.1
 20
8542.7
 10
8137.7
 20
8522.7
 10
8119.8
 20
8501.3
 10
8103.4
 20
8478.7
 10
8088.6
 20
8455.0
 10
8075.5
 20
8430.3
 10
8064.1
 20
8404.8
 10
8054.6
 20
8378.6
 10
8046.9
 20
8351.8
 10
8041.1
 20
8324.5
 10
8037.2
 20
8296.8
 10
8035.0
 20
8255.0
  0
LWPOLYLINE
  5
1A4
330
17
100
AcDbEntity
  8
04開口見えがかり線
100
AcDbPolyline
 90
23
 70
0
 10
2846.2
 20
9873.6
 10
2847.7
 20
9831.8
 10
2852.0
 20
9790.3
 10
2859.3
 20
9749.1
 10
2869.4
 20
9708.6
 10
2882.3
 20
9668.9
 10
2898.0
 20
9630.2
 10
2916.3
 20
9592.6
 10
2937.2
 20
9556.4
 10
2960.5
 20
9521.8
 10
2986.2
 20
9488.9
 10
3014.2
 20
9457.9
 10
3044.2
 20
9428.8
 10
3076.2
 20
9402.0
 10
3110.0
 20
9377.4
 10
3145.4
 20
9355.3
 10
3182.3
 20
9335.7
 10
3220.5
 20
9318.7
 10
3259.7
 20
9304.4
 10
3299.9
 20
9292.9
 10
3340.7
 20
9284.2
 10
3382.1
 20
9278.4
 10
3444.6
 20
9275.1
  0
LWPOLYLINE
  5
1A5
330
17
100
AcDbEntity
  8
04開口見えがかり線
100
AcDbPolyline
 90
2
 70
0
 10
10680.0
 20
8855.0
 10
10980.0
 20
8855.0
  0
LWPOLYLINE
  5
1A6
330
17
100
AcDbEntity
  8
04開口見えがかり線
100
AcDbPolyline
 90
23
 70
0
 10
9910.0
 20
9775.0
 10
9912.2
 20
9710.8
 10
9919.0
 20
9647.0
 10
9930.1
 20
9583.7
 10
9945.6
 20
9521.4
 10
9965.5
 20
9460.3
 10
9989.5
 20
9400.8
 10
10017.7
 20
9343.1
 10
10049.8
 20
9287.5
 10
10085.7
 20
9234.2
 10
10125.2
 20
9183.6
 10
10168.2
 20
9135.9
 10
10214.4
 20
9091.3
 10
10263.6
 20
9050.0
 10
10315.5
 20
9012.3
 10
10370.0
 20
8978.3
 10
10426.7
 20
8948.1
 10
10485.4
 20
8922.0
 10
10545.7
 20
8900.0
 10
10607.4
 20
8882.3
 10
10670.2
 20
8869.0
 10
10733.8
 20
8860.0
 10
10830.0
 20
8855.0
  0
LWPOLYLINE
  5
1A7
330
17
100
AcDbEntity
  8
04開口見えがかり線
100
AcDbPolyline
 90
23
 70
0
 10
10830.0
 20
8855.0
 10
10798.6
 20
8853.9
 10
10767.4
 20
8850.6
 10
10736.4
 20
8845.2
 10
10706.0
 20
8837.6
 10
10676.1
 20
8827.9
 10
10647.0
 20
8816.1
 10
10618.7
 20
8802.3
 10
10591.5
 20
8786.6
 10
10565.5
 20
8769.1
 10
10540.7
 20
8749.7
 10
10517.4
 20
8728.7
 10
10495.6
 20
8706.1
 10
10475.4
 20
8682.0
 10
10456.9
 20
8656.6
 10
10440.3
 20
8630.0
 10
10425.5
 20
8602.3
 10
10412.8
 20
8573.6
 10
10402.0
 20
8544.1
 10
10393.4
 20
8513.9
 10
10386.8
 20
8483.1
 10
10382.5
 20
8452.0
 10
10380.0
 20
8405.0
  0
LWPOLYLINE
  5
1A8
330
17
100
AcDbEntity
  8
05設備機器
100
AcDbPolyline
 90
9
 70
0
 10
2653.1
 20
9521.9
 10
2654.7
 20
9528.8
 10
2655.8
 20
9535.8
 10
2656.5
 20
9542.9
 10
2656.6
 20
9550.0
 10
2656.2
 20
9557.1
 10
2655.4
 20
9564.1
 10
2654.1
 20
9571.1
 10
2653.1
 20
9575.0
  0
LWPOLYLINE
  5
1A9
330
17
100
AcDbEntity
  8
05設備機器
100
AcDbPolyline
 90
14
 70
0
 10
2619.1
 20
9506.7
 10
2621.8
 20
9513.3
 10
2624.0
 20
9520.0
 10
2625.8
 20
9526.9
 10
2627.0
 20
9533.8
 10
2627.8
 20
9540.9
 10
2628.1
 20
9548.0
 10
2627.9
 20
9555.1
 10
2627.2
 20
9562.1
 10
2626.0
 20
9569.1
 10
2624.3
 20
9576.0
 10
2622.1
 20
9582.8
 10
2619.5
 20
9589.3
 10
2619.1
 20
9590.2
  0
LWPOLYLINE
  5
1AA
330
17
100
AcDbEntity
  8
05設備機器
100
AcDbPolyline
 90
2
 70
0
 10
2174.0
 20
9650.1
 10
2174.0
 20
9446.9
  0
LWPOLYLINE
  5
1AB
330
17
100
AcDbEntity
  8
05設備機器
100
AcDbPolyline
 90
5
 70
0
 10
2021.6
 20
9815.2
 10
1818.4
 20
9815.2
 10
1818.4
 20
9281.8
 10
2021.6
 20
9281.8
 10
2021.6
 20
9815.2
  0
LWPOLYLINE
  5
1AC
330
17
100
AcDbEntity
  8
05設備機器
100
AcDbPolyline
 90
2
 70
0
 10
1996.2
 20
9332.6
 10
1996.2
 20
9764.4
  0
LWPOLYLINE
  5
1AD
330
17
100
AcDbEntity
  8
05設備機器
100
AcDbPolyline
 90
2
 70
0
 10
1843.8
 20
9764.4
 10
1843.8
 20
9332.6
  0
LWPOLYLINE
  5
1AE
330
17
100
AcDbEntity
  8
05設備機器
100
AcDbPolyline
 90
2
 70
0
 10
2021.6
 20
9446.9
 10
2174.0
 20
9396.1
  0
LWPOLYLINE
  5
1AF
330
17
100
AcDbEntity
  8
05設備機器
100
AcDbPolyline
 90
28
 70
0
 10
2174.0
 20
9396.1
 10
2191.3
 20
9383.2
 10
2209.5
 20
9371.6
 10
2228.5
 20
9361.3
 10
2248.1
 20
9352.4
 10
2268.3
 20
9344.8
 10
2289.0
 20
9338.7
 10
2310.1
 20
9334.0
 10
2331.4
 20
9330.8
 10
2352.9
 20
9329.1
 10
2374.5
 20
9328.9
 10
2396.0
 20
9330.2
 10
2417.4
 20
9333.0
 10
2438.6
 20
9337.3
 10
2459.3
 20
9343.0
 10
2479.7
 20
9350.2
 10
2499.5
 20
9358.8
 10
2518.6
 20
9368.8
 10
2537.0
 20
9380.0
 10
2554.6
 20
9392.5
 10
2571.2
 20
9406.2
 10
2586.9
 20
9421.1
 10
2601.5
 20
9437.0
 10
2614.9
 20
9453.9
 10
2627.2
 20
9471.6
 10
2638.1
 20
9490.2
 10
2647.8
 20
9509.5
 10
2653.1
 20
9521.9
  0
LWPOLYLINE
  5
1B0
330
17
100
AcDbEntity
  8
05設備機器
100
AcDbPolyline
 90
27
 70
0
 10
2174.0
 20
9446.9
 10
2189.0
 20
9433.5
 10
2204.9
 20
9421.3
 10
2221.7
 20
9410.1
 10
2239.1
 20
9400.2
 10
2257.2
 20
9391.5
 10
2275.9
 20
9384.1
 10
2295.0
 20
9378.0
 10
2314.6
 20
9373.3
 10
2334.4
 20
9369.9
 10
2354.3
 20
9368.0
 10
2374.4
 20
9367.4
 10
2394.5
 20
9368.2
 10
2414.5
 20
9370.4
 10
2434.2
 20
9374.1
 10
2453.7
 20
9379.0
 10
2472.7
 20
9385.4
 10
2491.3
 20
9393.0
 10
2509.3
 20
9401.9
 10
2526.6
 20
9412.1
 10
2543.2
 20
9423.4
 10
2559.0
 20
9435.9
 10
2573.8
 20
9449.4
 10
2587.7
 20
9464.0
 10
2600.5
 20
9479.4
 10
2612.2
 20
9495.8
 10
2619.1
 20
9506.7
  0
LWPOLYLINE
  5
1B1
330
17
100
AcDbEntity
  8
05設備機器
100
AcDbPolyline
 90
2
 70
0
 10
1869.2
 20
9307.2
 10
1970.8
 20
9307.2
  0
LWPOLYLINE
  5
1B2
330
17
100
AcDbEntity
  8
05設備機器
100
AcDbPolyline
 90
2
 70
0
 10
2059.7
 20
9370.7
 10
2059.7
 20
9294.5
  0
LWPOLYLINE
  5
1B3
330
17
100
AcDbEntity
  8
05設備機器
100
AcDbPolyline
 90
2
 70
0
 10
2034.3
 20
9294.5
 10
2034.3
 20
9345.3
  0
LWPOLYLINE
  5
1B4
330
17
100
AcDbEntity
  8
05設備機器
100
AcDbPolyline
 90
2
 70
0
 10
2059.7
 20
9294.5
 10
2034.3
 20
9294.5
  0
LWPOLYLINE
  5
1B5
330
17
100
AcDbEntity
  8
05設備機器
100
AcDbPolyline
 90
2
 70
0
 10
2034.3
 20
9345.3
 10
2021.6
 20
9345.3
  0
LWPOLYLINE
  5
1B6
330
17
100
AcDbEntity
  8
05設備機器
100
AcDbPolyline
 90
2
 70
0
 10
2021.6
 20
9370.7
 10
2059.7
 20
9370.7
  0
LWPOLYLINE
  5
1B7
330
17
100
AcDbEntity
  8
05設備機器
100
AcDbPolyline
 90
28
 70
0
 10
1970.8
 20
9307.2
 10
1972.4
 20
9307.0
 10
1973.9
 20
9306.9
 10
1975.5
 20
9307.0
 10
1977.1
 20
9307.1
 10
1978.6
 20
9307.4
 10
1980.1
 20
9307.8
 10
1981.6
 20
9308.3
 10
1983.1
 20
9308.9
 10
1984.5
 20
9309.5
 10
1985.8
 20
9310.3
 10
1987.1
 20
9311.2
 10
1988.4
 20
9312.2
 10
1989.5
 20
9313.2
 10
1990.6
 20
9314.3
 10
1991.6
 20
9315.5
 10
1992.6
 20
9316.8
 10
1993.4
 20
9318.1
 10
1994.1
 20
9319.5
 10
1994.8
 20
9320.9
 10
1995.3
 20
9322.4
 10
1995.8
 20
9323.9
 10
1996.1
 20
9325.4
 10
1996.3
 20
9327.0
 10
1996.4
 20
9328.5
 10
1996.4
 20
9330.1
 10
1996.3
 20
9331.7
 10
1996.2
 20
9332.6
  0
LWPOLYLINE
  5
1B8
330
17
100
AcDbEntity
  8
05設備機器
100
AcDbPolyline
 90
28
 70
0
 10
1843.8
 20
9332.6
 10
1843.6
 20
9331.0
 10
1843.6
 20
9329.4
 10
1843.6
 20
9327.9
 10
1843.8
 20
9326.3
 10
1844.1
 20
9324.8
 10
1844.4
 20
9323.2
 10
1844.9
 20
9321.8
 10
1845.5
 20
9320.3
 10
1846.2
 20
9318.9
 10
1847.0
 20
9317.5
 10
1847.8
 20
9316.2
 10
1848.8
 20
9315.0
 10
1849.9
 20
9313.8
 10
1851.0
 20
9312.7
 10
1852.2
 20
9311.7
 10
1853.4
 20
9310.8
 10
1854.8
 20
9310.0
 10
1856.2
 20
9309.2
 10
1857.6
 20
9308.6
 10
1859.1
 20
9308.0
 10
1860.6
 20
9307.6
 10
1862.1
 20
9307.3
 10
1863.6
 20
9307.1
 10
1865.2
 20
9306.9
 10
1866.8
 20
9306.9
 10
1868.3
 20
9307.1
 10
1869.2
 20
9307.2
  0
LWPOLYLINE
  5
1B9
330
17
100
AcDbEntity
  8
05設備機器
100
AcDbPolyline
 90
2
 70
0
 10
2021.6
 20
9650.1
 10
2174.0
 20
9700.9
  0
LWPOLYLINE
  5
1BA
330
17
100
AcDbEntity
  8
05設備機器
100
AcDbPolyline
 90
28
 70
0
 10
2174.0
 20
9700.9
 10
2191.3
 20
9713.7
 10
2209.5
 20
9725.3
 10
2228.5
 20
9735.6
 10
2248.1
 20
9744.6
 10
2268.3
 20
9752.1
 10
2289.0
 20
9758.3
 10
2310.1
 20
9763.0
 10
2331.4
 20
9766.2
 10
2352.9
 20
9767.9
 10
2374.5
 20
9768.1
 10
2396.0
 20
9766.8
 10
2417.4
 20
9763.9
 10
2438.6
 20
9759.7
 10
2459.3
 20
9753.9
 10
2479.7
 20
9746.7
 10
2499.5
 20
9738.1
 10
2518.6
 20
9728.2
 10
2537.0
 20
9716.9
 10
2554.6
 20
9704.4
 10
2571.2
 20
9690.7
 10
2586.9
 20
9675.8
 10
2601.5
 20
9659.9
 10
2614.9
 20
9643.1
 10
2627.2
 20
9625.3
 10
2638.1
 20
9606.7
 10
2647.8
 20
9587.4
 10
2653.1
 20
9575.0
  0
LWPOLYLINE
  5
1BB
330
17
100
AcDbEntity
  8
05設備機器
100
AcDbPolyline
 90
27
 70
0
 10
2174.0
 20
9650.1
 10
2189.0
 20
9663.4
 10
2204.9
 20
9675.7
 10
2221.7
 20
9686.8
 10
2239.1
 20
9696.7
 10
2257.2
 20
9705.4
 10
2275.9
 20
9712.8
 10
2295.0
 20
9718.9
 10
2314.6
 20
9723.6
 10
2334.4
 20
9727.0
 10
2354.3
 20
9729.0
 10
2374.4
 20
9729.5
 10
2394.5
 20
9728.7
 10
2414.5
 20
9726.5
 10
2434.2
 20
9722.9
 10
2453.7
 20
9717.9
 10
2472.7
 20
9711.6
 10
2491.3
 20
9703.9
 10
2509.3
 20
9695.0
 10
2526.6
 20
9684.8
 10
2543.2
 20
9673.5
 10
2559.0
 20
9661.0
 10
2573.8
 20
9647.5
 10
2587.7
 20
9633.0
 10
2600.5
 20
9617.5
 10
2612.2
 20
9601.2
 10
2619.1
 20
9590.2
  0
LWPOLYLINE
  5
1BC
330
17
100
AcDbEntity
  8
05設備機器
100
AcDbPolyline
 90
2
 70
0
 10
1970.8
 20
9789.8
 10
1869.2
 20
9789.8
  0
LWPOLYLINE
  5
1BD
330
17
100
AcDbEntity
  8
05設備機器
100
AcDbPolyline
 90
28
 70
0
 10
1970.8
 20
9789.8
 10
1972.4
 20
9789.9
 10
1973.9
 20
9790.0
 10
1975.5
 20
9789.9
 10
1977.1
 20
9789.8
 10
1978.6
 20
9789.5
 10
1980.1
 20
9789.1
 10
1981.6
 20
9788.6
 10
1983.1
 20
9788.1
 10
1984.5
 20
9787.4
 10
1985.8
 20
9786.6
 10
1987.1
 20
9785.7
 10
1988.4
 20
9784.8
 10
1989.5
 20
9783.7
 10
1990.6
 20
9782.6
 10
1991.6
 20
9781.4
 10
1992.6
 20
9780.1
 10
1993.4
 20
9778.8
 10
1994.1
 20
9777.4
 10
1994.8
 20
9776.0
 10
1995.3
 20
9774.5
 10
1995.8
 20
9773.0
 10
1996.1
 20
9771.5
 10
1996.3
 20
9769.9
 10
1996.4
 20
9768.4
 10
1996.4
 20
9766.8
 10
1996.3
 20
9765.2
 10
1996.2
 20
9764.4
  0
LWPOLYLINE
  5
1BE
330
17
100
AcDbEntity
  8
05設備機器
100
AcDbPolyline
 90
28
 70
0
 10
1843.8
 20
9764.4
 10
1843.6
 20
9765.9
 10
1843.6
 20
9767.5
 10
1843.6
 20
9769.0
 10
1843.8
 20
9770.6
 10
1844.1
 20
9772.2
 10
1844.4
 20
9773.7
 10
1844.9
 20
9775.2
 10
1845.5
 20
9776.6
 10
1846.2
 20
9778.0
 10
1847.0
 20
9779.4
 10
1847.8
 20
9780.7
 10
1848.8
 20
9781.9
 10
1849.9
 20
9783.1
 10
1851.0
 20
9784.2
 10
1852.2
 20
9785.2
 10
1853.4
 20
9786.1
 10
1854.8
 20
9787.0
 10
1856.2
 20
9787.7
 10
1857.6
 20
9788.3
 10
1859.1
 20
9788.9
 10
1860.6
 20
9789.3
 10
1862.1
 20
9789.6
 10
1863.6
 20
9789.9
 10
1865.2
 20
9790.0
 10
1866.8
 20
9790.0
 10
1868.3
 20
9789.9
 10
1869.2
 20
9789.8
  0
LWPOLYLINE
  5
1BF
330
17
100
AcDbEntity
  8
05設備機器
100
AcDbPolyline
 90
90
 70
0
 10
5161.4
 20
8721.3
 10
5163.9
 20
8721.4
 10
5166.3
 20
8721.7
 10
5168.7
 20
8722.1
 10
5171.1
 20
8722.7
 10
5173.4
 20
8723.4
 10
5175.6
 20
8724.3
 10
5177.8
 20
8725.4
 10
5179.9
 20
8726.6
 10
5182.0
 20
8728.0
 10
5183.9
 20
8729.5
 10
5185.7
 20
8731.1
 10
5187.4
 20
8732.9
 10
5189.0
 20
8734.7
 10
5190.4
 20
8736.7
 10
5191.7
 20
8738.8
 10
5192.8
 20
8740.9
 10
5193.8
 20
8743.2
 10
5194.6
 20
8745.4
 10
5195.3
 20
8747.8
 10
5195.8
 20
8750.2
 10
5196.2
 20
8752.6
 10
5196.3
 20
8755.0
 10
5196.3
 20
8757.5
 10
5196.2
 20
8759.9
 10
5195.8
 20
8762.3
 10
5195.3
 20
8764.7
 10
5194.6
 20
8767.0
 10
5193.8
 20
8769.3
 10
5192.8
 20
8771.5
 10
5191.7
 20
8773.7
 10
5190.4
 20
8775.8
 10
5189.0
 20
8777.7
 10
5187.4
 20
8779.6
 10
5185.7
 20
8781.4
 10
5183.9
 20
8783.0
 10
5182.0
 20
8784.5
 10
5179.9
 20
8785.9
 10
5177.8
 20
8787.1
 10
5175.6
 20
8788.1
 10
5173.4
 20
8789.1
 10
5171.1
 20
8789.8
 10
5168.7
 20
8790.4
 10
5166.3
 20
8790.8
 10
5163.9
 20
8791.1
 10
5161.4
 20
8791.2
 10
5159.0
 20
8791.1
 10
5156.6
 20
8790.8
 10
5154.2
 20
8790.4
 10
5151.8
 20
8789.8
 10
5149.5
 20
8789.1
 10
5147.2
 20
8788.1
 10
5145.0
 20
8787.1
 10
5142.9
 20
8785.9
 10
5140.9
 20
8784.5
 10
5139.0
 20
8783.0
 10
5137.2
 20
8781.4
 10
5135.5
 20
8779.6
 10
5133.9
 20
8777.7
 10
5132.5
 20
8775.8
 10
5131.2
 20
8773.7
 10
5130.0
 20
8771.5
 10
5129.0
 20
8769.3
 10
5128.2
 20
8767.0
 10
5127.5
 20
8764.7
 10
5127.0
 20
8762.3
 10
5126.7
 20
8759.9
 10
5126.5
 20
8757.5
 10
5126.5
 20
8755.0
 10
5126.7
 20
8752.6
 10
5127.0
 20
8750.2
 10
5127.5
 20
8747.8
 10
5128.2
 20
8745.4
 10
5129.0
 20
8743.2
 10
5130.0
 20
8740.9
 10
5131.2
 20
8738.8
 10
5132.5
 20
8736.7
 10
5133.9
 20
8734.7
 10
5135.5
 20
8732.9
 10
5137.2
 20
8731.1
 10
5139.0
 20
8729.5
 10
5140.9
 20
8728.0
 10
5142.9
 20
8726.6
 10
5145.0
 20
8725.4
 10
5147.2
 20
8724.3
 10
5149.5
 20
8723.4
 10
5151.8
 20
8722.7
 10
5154.2
 20
8722.1
 10
5156.6
 20
8721.7
 10
5161.4
 20
8721.3
  0
LWPOLYLINE
  5
1C0
330
17
100
AcDbEntity
  8
05設備機器
100
AcDbPolyline
 90
90
 70
0
 10
5161.4
 20
8743.5
 10
5162.3
 20
8743.6
 10
5163.2
 20
8743.7
 10
5164.1
 20
8743.8
 10
5164.9
 20
8744.0
 10
5165.8
 20
8744.3
 10
5166.6
 20
8744.6
 10
5167.4
 20
8745.0
 10
5168.2
 20
8745.5
 10
5168.9
 20
8746.0
 10
5169.6
 20
8746.5
 10
5170.3
 20
8747.1
 10
5170.9
 20
8747.7
 10
5171.4
 20
8748.4
 10
5172.0
 20
8749.1
 10
5172.4
 20
8749.9
 10
5172.8
 20
8750.7
 10
5173.2
 20
8751.5
 10
5173.5
 20
8752.3
 10
5173.8
 20
8753.2
 10
5173.9
 20
8754.0
 10
5174.1
 20
8754.9
 10
5174.1
 20
8755.8
 10
5174.1
 20
8756.7
 10
5174.1
 20
8757.6
 10
5173.9
 20
8758.4
 10
5173.8
 20
8759.3
 10
5173.5
 20
8760.2
 10
5173.2
 20
8761.0
 10
5172.8
 20
8761.8
 10
5172.4
 20
8762.6
 10
5172.0
 20
8763.3
 10
5171.4
 20
8764.1
 10
5170.9
 20
8764.7
 10
5170.3
 20
8765.4
 10
5169.6
 20
8766.0
 10
5168.9
 20
8766.5
 10
5168.2
 20
8767.0
 10
5167.4
 20
8767.5
 10
5166.6
 20
8767.8
 10
5165.8
 20
8768.2
 10
5164.9
 20
8768.4
 10
5164.1
 20
8768.7
 10
5163.2
 20
8768.8
 10
5162.3
 20
8768.9
 10
5161.4
 20
8768.9
 10
5160.5
 20
8768.9
 10
5159.7
 20
8768.8
 10
5158.8
 20
8768.7
 10
5157.9
 20
8768.4
 10
5157.1
 20
8768.2
 10
5156.3
 20
8767.8
 10
5155.5
 20
8767.5
 10
5154.7
 20
8767.0
 10
5154.0
 20
8766.5
 10
5153.3
 20
8766.0
 10
5152.6
 20
8765.4
 10
5152.0
 20
8764.7
 10
5151.4
 20
8764.1
 10
5150.9
 20
8763.3
 10
5150.4
 20
8762.6
 10
5150.0
 20
8761.8
 10
5149.7
 20
8761.0
 10
5149.4
 20
8760.2
 10
5149.1
 20
8759.3
 10
5148.9
 20
8758.4
 10
5148.8
 20
8757.6
 10
5148.7
 20
8756.7
 10
5148.7
 20
8755.8
 10
5148.8
 20
8754.9
 10
5148.9
 20
8754.0
 10
5149.1
 20
8753.2
 10
5149.4
 20
8752.3
 10
5149.7
 20
8751.5
 10
5150.0
 20
8750.7
 10
5150.4
 20
8749.9
 10
5150.9
 20
8749.1
 10
5151.4
 20
8748.4
 10
5152.0
 20
8747.7
 10
5152.6
 20
8747.1
 10
5153.3
 20
8746.5
 10
5154.0
 20
8746.0
 10
5154.7
 20
8745.5
 10
5155.5
 20
8745.0
 10
5156.3
 20
8744.6
 10
5157.1
 20
8744.3
 10
5157.9
 20
8744.0
 10
5158.8
 20
8743.8
 10
5159.7
 20
8743.7
 10
5161.4
 20
8743.5
  0
LWPOLYLINE
  5
1C1
330
17
100
AcDbEntity
  8
05設備機器
100
AcDbPolyline
 90
90
 70
0
 10
5161.4
 20
8774.5
 10
5161.9
 20
8774.6
 10
5162.4
 20
8774.6
 10
5162.9
 20
8774.7
 10
5163.4
 20
8774.8
 10
5163.9
 20
8775.0
 10
5164.3
 20
8775.2
 10
5164.8
 20
8775.4
 10
5165.2
 20
8775.6
 10
5165.6
 20
8775.9
 10
5166.0
 20
8776.2
 10
5166.4
 20
8776.5
 10
5166.7
 20
8776.9
 10
5167.0
 20
8777.3
 10
5167.3
 20
8777.7
 10
5167.6
 20
8778.1
 10
5167.8
 20
8778.5
 10
5168.0
 20
8779.0
 10
5168.2
 20
8779.4
 10
5168.3
 20
8779.9
 10
5168.4
 20
8780.4
 10
5168.5
 20
8780.9
 10
5168.5
 20
8781.4
 10
5168.5
 20
8781.9
 10
5168.5
 20
8782.4
 10
5168.4
 20
8782.9
 10
5168.3
 20
8783.4
 10
5168.2
 20
8783.8
 10
5168.0
 20
8784.3
 10
5167.8
 20
8784.7
 10
5167.6
 20
8785.2
 10
5167.3
 20
8785.6
 10
5167.0
 20
8786.0
 10
5166.7
 20
8786.4
 10
5166.4
 20
8786.7
 10
5166.0
 20
8787.1
 10
5165.6
 20
8787.4
 10
5165.2
 20
8787.7
 10
5164.8
 20
8787.9
 10
5164.3
 20
8788.1
 10
5163.9
 20
8788.3
 10
5163.4
 20
8788.5
 10
5162.9
 20
8788.6
 10
5162.4
 20
8788.7
 10
5161.9
 20
8788.7
 10
5161.4
 20
8788.7
 10
5160.9
 20
8788.7
 10
5160.4
 20
8788.7
 10
5160.0
 20
8788.6
 10
5159.5
 20
8788.5
 10
5159.0
 20
8788.3
 10
5158.5
 20
8788.1
 10
5158.1
 20
8787.9
 10
5157.7
 20
8787.7
 10
5157.3
 20
8787.4
 10
5156.9
 20
8787.1
 10
5156.5
 20
8786.7
 10
5156.2
 20
8786.4
 10
5155.8
 20
8786.0
 10
5155.5
 20
8785.6
 10
5155.3
 20
8785.2
 10
5155.1
 20
8784.7
 10
5154.8
 20
8784.3
 10
5154.7
 20
8783.8
 10
5154.5
 20
8783.4
 10
5154.4
 20
8782.9
 10
5154.4
 20
8782.4
 10
5154.3
 20
8781.9
 10
5154.3
 20
8781.4
 10
5154.4
 20
8780.9
 10
5154.4
 20
8780.4
 10
5154.5
 20
8779.9
 10
5154.7
 20
8779.4
 10
5154.8
 20
8779.0
 10
5155.1
 20
8778.5
 10
5155.3
 20
8778.1
 10
5155.5
 20
8777.7
 10
5155.8
 20
8777.3
 10
5156.2
 20
8776.9
 10
5156.5
 20
8776.5
 10
5156.9
 20
8776.2
 10
5157.3
 20
8775.9
 10
5157.7
 20
8775.6
 10
5158.1
 20
8775.4
 10
5158.5
 20
8775.2
 10
5159.0
 20
8775.0
 10
5159.5
 20
8774.8
 10
5160.0
 20
8774.7
 10
5160.4
 20
8774.6
 10
5161.4
 20
8774.5
  0
LWPOLYLINE
  5
1C2
330
17
100
AcDbEntity
  8
05設備機器
100
AcDbPolyline
 90
2
 70
0
 10
5158.3
 20
8768.4
 10
5158.3
 20
8775.3
  0
LWPOLYLINE
  5
1C3
330
17
100
AcDbEntity
  8
05設備機器
100
AcDbPolyline
 90
2
 70
0
 10
5164.6
 20
8768.5
 10
5164.6
 20
8775.3
  0
LWPOLYLINE
  5
1C4
330
17
100
AcDbEntity
  8
05設備機器
100
AcDbPolyline
 90
90
 70
0
 10
5186.8
 20
8749.1
 10
5187.3
 20
8749.2
 10
5187.8
 20
8749.2
 10
5188.3
 20
8749.3
 10
5188.8
 20
8749.4
 10
5189.3
 20
8749.6
 10
5189.7
 20
8749.8
 10
5190.2
 20
8750.0
 10
5190.6
 20
8750.2
 10
5191.0
 20
8750.5
 10
5191.4
 20
8750.8
 10
5191.8
 20
8751.1
 10
5192.1
 20
8751.5
 10
5192.4
 20
8751.9
 10
5192.7
 20
8752.3
 10
5193.0
 20
8752.7
 10
5193.2
 20
8753.1
 10
5193.4
 20
8753.6
 10
5193.6
 20
8754.0
 10
5193.7
 20
8754.5
 10
5193.8
 20
8755.0
 10
5193.9
 20
8755.5
 10
5193.9
 20
8756.0
 10
5193.9
 20
8756.5
 10
5193.9
 20
8757.0
 10
5193.8
 20
8757.5
 10
5193.7
 20
8758.0
 10
5193.6
 20
8758.4
 10
5193.4
 20
8758.9
 10
5193.2
 20
8759.3
 10
5193.0
 20
8759.8
 10
5192.7
 20
8760.2
 10
5192.4
 20
8760.6
 10
5192.1
 20
8761.0
 10
5191.8
 20
8761.3
 10
5191.4
 20
8761.7
 10
5191.0
 20
8762.0
 10
5190.6
 20
8762.3
 10
5190.2
 20
8762.5
 10
5189.7
 20
8762.7
 10
5189.3
 20
8762.9
 10
5188.8
 20
8763.1
 10
5188.3
 20
8763.2
 10
5187.8
 20
8763.3
 10
5187.3
 20
8763.3
 10
5186.8
 20
8763.3
 10
5186.3
 20
8763.3
 10
5185.8
 20
8763.3
 10
5185.4
 20
8763.2
 10
5184.9
 20
8763.1
 10
5184.4
 20
8762.9
 10
5183.9
 20
8762.7
 10
5183.5
 20
8762.5
 10
5183.1
 20
8762.3
 10
5182.7
 20
8762.0
 10
5182.3
 20
8761.7
 10
5181.9
 20
8761.3
 10
5181.6
 20
8761.0
 10
5181.2
 20
8760.6
 10
5180.9
 20
8760.2
 10
5180.7
 20
8759.8
 10
5180.5
 20
8759.3
 10
5180.2
 20
8758.9
 10
5180.1
 20
8758.4
 10
5179.9
 20
8758.0
 10
5179.8
 20
8757.5
 10
5179.8
 20
8757.0
 10
5179.7
 20
8756.5
 10
5179.7
 20
8756.0
 10
5179.8
 20
8755.5
 10
5179.8
 20
8755.0
 10
5179.9
 20
8754.5
 10
5180.1
 20
8754.0
 10
5180.2
 20
8753.6
 10
5180.5
 20
8753.1
 10
5180.7
 20
8752.7
 10
5180.9
 20
8752.3
 10
5181.2
 20
8751.9
 10
5181.6
 20
8751.5
 10
5181.9
 20
8751.1
 10
5182.3
 20
8750.8
 10
5182.7
 20
8750.5
 10
5183.1
 20
8750.2
 10
5183.5
 20
8750.0
 10
5183.9
 20
8749.8
 10
5184.4
 20
8749.6
 10
5184.9
 20
8749.4
 10
5185.4
 20
8749.3
 10
5185.8
 20
8749.2
 10
5186.8
 20
8749.1
  0
LWPOLYLINE
  5
1C5
330
17
100
AcDbEntity
  8
05設備機器
100
AcDbPolyline
 90
2
 70
0
 10
5173.6
 20
8759.4
 10
5180.5
 20
8759.4
  0
LWPOLYLINE
  5
1C6
330
17
100
AcDbEntity
  8
05設備機器
100
AcDbPolyline
 90
2
 70
0
 10
5173.7
 20
8753.1
 10
5180.5
 20
8753.1
  0
LWPOLYLINE
  5
1C7
330
17
100
AcDbEntity
  8
05設備機器
100
AcDbPolyline
 90
90
 70
0
 10
5136.0
 20
8749.1
 10
5136.5
 20
8749.2
 10
5137.0
 20
8749.2
 10
5137.5
 20
8749.3
 10
5138.0
 20
8749.4
 10
5138.5
 20
8749.6
 10
5138.9
 20
8749.8
 10
5139.4
 20
8750.0
 10
5139.8
 20
8750.2
 10
5140.2
 20
8750.5
 10
5140.6
 20
8750.8
 10
5141.0
 20
8751.1
 10
5141.3
 20
8751.5
 10
5141.6
 20
8751.9
 10
5141.9
 20
8752.3
 10
5142.2
 20
8752.7
 10
5142.4
 20
8753.1
 10
5142.6
 20
8753.6
 10
5142.8
 20
8754.0
 10
5142.9
 20
8754.5
 10
5143.0
 20
8755.0
 10
5143.1
 20
8755.5
 10
5143.1
 20
8756.0
 10
5143.1
 20
8756.5
 10
5143.1
 20
8757.0
 10
5143.0
 20
8757.5
 10
5142.9
 20
8758.0
 10
5142.8
 20
8758.4
 10
5142.6
 20
8758.9
 10
5142.4
 20
8759.3
 10
5142.2
 20
8759.8
 10
5141.9
 20
8760.2
 10
5141.6
 20
8760.6
 10
5141.3
 20
8761.0
 10
5141.0
 20
8761.3
 10
5140.6
 20
8761.7
 10
5140.2
 20
8762.0
 10
5139.8
 20
8762.3
 10
5139.4
 20
8762.5
 10
5138.9
 20
8762.7
 10
5138.5
 20
8762.9
 10
5138.0
 20
8763.1
 10
5137.5
 20
8763.2
 10
5137.0
 20
8763.3
 10
5136.5
 20
8763.3
 10
5136.0
 20
8763.3
 10
5135.5
 20
8763.3
 10
5135.0
 20
8763.3
 10
5134.6
 20
8763.2
 10
5134.1
 20
8763.1
 10
5133.6
 20
8762.9
 10
5133.1
 20
8762.7
 10
5132.7
 20
8762.5
 10
5132.3
 20
8762.3
 10
5131.9
 20
8762.0
 10
5131.5
 20
8761.7
 10
5131.1
 20
8761.3
 10
5130.8
 20
8761.0
 10
5130.4
 20
8760.6
 10
5130.1
 20
8760.2
 10
5129.9
 20
8759.8
 10
5129.7
 20
8759.3
 10
5129.4
 20
8758.9
 10
5129.3
 20
8758.4
 10
5129.1
 20
8758.0
 10
5129.0
 20
8757.5
 10
5129.0
 20
8757.0
 10
5128.9
 20
8756.5
 10
5128.9
 20
8756.0
 10
5129.0
 20
8755.5
 10
5129.0
 20
8755.0
 10
5129.1
 20
8754.5
 10
5129.3
 20
8754.0
 10
5129.4
 20
8753.6
 10
5129.7
 20
8753.1
 10
5129.9
 20
8752.7
 10
5130.1
 20
8752.3
 10
5130.4
 20
8751.9
 10
5130.8
 20
8751.5
 10
5131.1
 20
8751.1
 10
5131.5
 20
8750.8
 10
5131.9
 20
8750.5
 10
5132.3
 20
8750.2
 10
5132.7
 20
8750.0
 10
5133.1
 20
8749.8
 10
5133.6
 20
8749.6
 10
5134.1
 20
8749.4
 10
5134.6
 20
8749.3
 10
5135.0
 20
8749.2
 10
5136.0
 20
8749.1
  0
LWPOLYLINE
  5
1C8
330
17
100
AcDbEntity
  8
05設備機器
100
AcDbPolyline
 90
2
 70
0
 10
5149.3
 20
8753.1
 10
5142.4
 20
8753.1
  0
LWPOLYLINE
  5
1C9
330
17
100
AcDbEntity
  8
05設備機器
100
AcDbPolyline
 90
2
 70
0
 10
5149.2
 20
8759.4
 10
5142.4
 20
8759.4
  0
LWPOLYLINE
  5
1CA
330
17
100
AcDbEntity
  8
05設備機器
100
AcDbPolyline
 90
90
 70
0
 10
5161.4
 20
8723.7
 10
5161.9
 20
8723.8
 10
5162.4
 20
8723.8
 10
5162.9
 20
8723.9
 10
5163.4
 20
8724.0
 10
5163.9
 20
8724.2
 10
5164.3
 20
8724.4
 10
5164.8
 20
8724.6
 10
5165.2
 20
8724.8
 10
5165.6
 20
8725.1
 10
5166.0
 20
8725.4
 10
5166.4
 20
8725.7
 10
5166.7
 20
8726.1
 10
5167.0
 20
8726.5
 10
5167.3
 20
8726.9
 10
5167.6
 20
8727.3
 10
5167.8
 20
8727.7
 10
5168.0
 20
8728.2
 10
5168.2
 20
8728.6
 10
5168.3
 20
8729.1
 10
5168.4
 20
8729.6
 10
5168.5
 20
8730.1
 10
5168.5
 20
8730.6
 10
5168.5
 20
8731.1
 10
5168.5
 20
8731.6
 10
5168.4
 20
8732.1
 10
5168.3
 20
8732.6
 10
5168.2
 20
8733.0
 10
5168.0
 20
8733.5
 10
5167.8
 20
8733.9
 10
5167.6
 20
8734.4
 10
5167.3
 20
8734.8
 10
5167.0
 20
8735.2
 10
5166.7
 20
8735.6
 10
5166.4
 20
8735.9
 10
5166.0
 20
8736.3
 10
5165.6
 20
8736.6
 10
5165.2
 20
8736.9
 10
5164.8
 20
8737.1
 10
5164.3
 20
8737.3
 10
5163.9
 20
8737.5
 10
5163.4
 20
8737.7
 10
5162.9
 20
8737.8
 10
5162.4
 20
8737.9
 10
5161.9
 20
8737.9
 10
5161.4
 20
8737.9
 10
5160.9
 20
8737.9
 10
5160.4
 20
8737.9
 10
5160.0
 20
8737.8
 10
5159.5
 20
8737.7
 10
5159.0
 20
8737.5
 10
5158.5
 20
8737.3
 10
5158.1
 20
8737.1
 10
5157.7
 20
8736.9
 10
5157.3
 20
8736.6
 10
5156.9
 20
8736.3
 10
5156.5
 20
8735.9
 10
5156.2
 20
8735.6
 10
5155.8
 20
8735.2
 10
5155.5
 20
8734.8
 10
5155.3
 20
8734.4
 10
5155.1
 20
8733.9
 10
5154.8
 20
8733.5
 10
5154.7
 20
8733.0
 10
5154.5
 20
8732.6
 10
5154.4
 20
8732.1
 10
5154.4
 20
8731.6
 10
5154.3
 20
8731.1
 10
5154.3
 20
8730.6
 10
5154.4
 20
8730.1
 10
5154.4
 20
8729.6
 10
5154.5
 20
8729.1
 10
5154.7
 20
8728.6
 10
5154.8
 20
8728.2
 10
5155.1
 20
8727.7
 10
5155.3
 20
8727.3
 10
5155.5
 20
8726.9
 10
5155.8
 20
8726.5
 10
5156.2
 20
8726.1
 10
5156.5
 20
8725.7
 10
5156.9
 20
8725.4
 10
5157.3
 20
8725.1
 10
5157.7
 20
8724.8
 10
5158.1
 20
8724.6
 10
5158.5
 20
8724.4
 10
5159.0
 20
8724.2
 10
5159.5
 20
8724.0
 10
5160.0
 20
8723.9
 10
5160.4
 20
8723.8
 10
5161.4
 20
8723.7
  0
LWPOLYLINE
  5
1CB
330
17
100
AcDbEntity
  8
05設備機器
100
AcDbPolyline
 90
2
 70
0
 10
5164.6
 20
8744.1
 10
5164.6
 20
8737.2
  0
LWPOLYLINE
  5
1CC
330
17
100
AcDbEntity
  8
05設備機器
100
AcDbPolyline
 90
2
 70
0
 10
5158.3
 20
8744.0
 10
5158.3
 20
8737.2
  0
LWPOLYLINE
  5
1CD
330
17
100
AcDbEntity
  8
05設備機器
100
AcDbPolyline
 90
16
 70
0
 10
5185.9
 20
8762.9
 10
5185.4
 20
8764.6
 10
5184.8
 20
8766.3
 10
5184.0
 20
8767.9
 10
5183.1
 20
8769.4
 10
5182.2
 20
8770.9
 10
5181.1
 20
8772.3
 10
5179.9
 20
8773.6
 10
5178.7
 20
8774.9
 10
5177.3
 20
8776.0
 10
5175.9
 20
8777.1
 10
5174.4
 20
8778.1
 10
5172.9
 20
8778.9
 10
5171.3
 20
8779.7
 10
5169.6
 20
8780.3
 10
5168.3
 20
8780.7
  0
LWPOLYLINE
  5
1CE
330
17
100
AcDbEntity
  8
05設備機器
100
AcDbPolyline
 90
16
 70
0
 10
5168.6
 20
8731.9
 10
5170.3
 20
8732.4
 10
5171.9
 20
8733.1
 10
5173.5
 20
8733.9
 10
5175.1
 20
8734.8
 10
5176.5
 20
8735.8
 10
5177.9
 20
8736.9
 10
5179.2
 20
8738.1
 10
5180.4
 20
8739.4
 10
5181.6
 20
8740.8
 10
5182.6
 20
8742.2
 10
5183.5
 20
8743.7
 10
5184.3
 20
8745.3
 10
5185.1
 20
8746.9
 10
5185.6
 20
8748.6
 10
5185.9
 20
8749.3
  0
LWPOLYLINE
  5
1CF
330
17
100
AcDbEntity
  8
05設備機器
100
AcDbPolyline
 90
16
 70
0
 10
5154.3
 20
8780.6
 10
5152.6
 20
8780.1
 10
5151.0
 20
8779.4
 10
5149.4
 20
8778.6
 10
5147.9
 20
8777.7
 10
5146.4
 20
8776.7
 10
5145.0
 20
8775.6
 10
5143.7
 20
8774.4
 10
5142.5
 20
8773.2
 10
5141.4
 20
8771.8
 10
5140.3
 20
8770.4
 10
5139.4
 20
8768.8
 10
5138.6
 20
8767.3
 10
5137.8
 20
8765.7
 10
5137.2
 20
8764.0
 10
5137.0
 20
8763.3
  0
LWPOLYLINE
  5
1D0
330
17
100
AcDbEntity
  8
05設備機器
100
AcDbPolyline
 90
16
 70
0
 10
5137.0
 20
8749.2
 10
5137.6
 20
8747.5
 10
5138.2
 20
8745.9
 10
5139.0
 20
8744.3
 10
5139.9
 20
8742.7
 10
5140.9
 20
8741.3
 10
5142.0
 20
8739.9
 10
5143.2
 20
8738.6
 10
5144.5
 20
8737.3
 10
5145.8
 20
8736.2
 10
5147.3
 20
8735.1
 10
5148.8
 20
8734.2
 10
5150.3
 20
8733.4
 10
5152.0
 20
8732.7
 10
5153.6
 20
8732.1
 10
5154.5
 20
8731.8
  0
LWPOLYLINE
  5
1D1
330
17
100
AcDbEntity
  8
05設備機器
100
AcDbPolyline
 90
76
 70
0
 10
5139.5
 20
8677.0
 10
5140.4
 20
8678.5
 10
5141.5
 20
8679.9
 10
5142.6
 20
8681.2
 10
5143.9
 20
8682.5
 10
5145.2
 20
8683.7
 10
5146.6
 20
8684.8
 10
5148.1
 20
8685.8
 10
5149.6
 20
8686.6
 10
5151.2
 20
8687.4
 10
5152.8
 20
8688.1
 10
5154.5
 20
8688.6
 10
5156.3
 20
8689.0
 10
5158.0
 20
8689.3
 10
5159.8
 20
8689.5
 10
5161.5
 20
8689.6
 10
5163.3
 20
8689.5
 10
5165.1
 20
8689.3
 10
5166.8
 20
8689.0
 10
5168.5
 20
8688.5
 10
5170.2
 20
8688.0
 10
5171.9
 20
8687.3
 10
5173.5
 20
8686.5
 10
5175.0
 20
8685.6
 10
5176.4
 20
8684.6
 10
5177.8
 20
8683.5
 10
5179.2
 20
8682.4
 10
5180.4
 20
8681.1
 10
5181.5
 20
8679.7
 10
5182.5
 20
8678.3
 10
5183.5
 20
8676.8
 10
5184.3
 20
8675.2
 10
5185.0
 20
8673.6
 10
5185.6
 20
8671.9
 10
5186.1
 20
8670.2
 10
5186.5
 20
8668.5
 10
5186.7
 20
8666.7
 10
5186.8
 20
8664.9
 10
5186.8
 20
8663.2
 10
5186.7
 20
8661.4
 10
5186.4
 20
8659.6
 10
5186.1
 20
8657.9
 10
5185.6
 20
8656.2
 10
5184.9
 20
8654.5
 10
5184.2
 20
8652.9
 10
5183.4
 20
8651.4
 10
5182.4
 20
8649.9
 10
5181.4
 20
8648.4
 10
5180.2
 20
8647.1
 10
5179.0
 20
8645.8
 10
5177.7
 20
8644.6
 10
5176.3
 20
8643.5
 10
5174.8
 20
8642.6
 10
5173.3
 20
8641.7
 10
5171.7
 20
8640.9
 10
5170.0
 20
8640.3
 10
5168.3
 20
8639.7
 10
5166.6
 20
8639.3
 10
5164.9
 20
8639.0
 10
5163.1
 20
8638.8
 10
5161.3
 20
8638.8
 10
5159.6
 20
8638.8
 10
5157.8
 20
8639.0
 10
5156.0
 20
8639.3
 10
5154.3
 20
8639.8
 10
5152.6
 20
8640.3
 10
5151.0
 20
8641.0
 10
5149.4
 20
8641.8
 10
5147.9
 20
8642.7
 10
5146.4
 20
8643.7
 10
5145.0
 20
8644.8
 10
5143.7
 20
8646.0
 10
5142.5
 20
8647.2
 10
5141.3
 20
8648.6
 10
5140.3
 20
8650.0
 10
5139.5
 20
8651.3
  0
LWPOLYLINE
  5
1D2
330
17
100
AcDbEntity
  8
05設備機器
100
AcDbPolyline
 90
82
 70
0
 10
5125.5
 20
8677.0
 10
5126.5
 20
8679.4
 10
5127.7
 20
8681.8
 10
5129.0
 20
8684.1
 10
5130.5
 20
8686.4
 10
5132.1
 20
8688.5
 10
5133.9
 20
8690.5
 10
5135.8
 20
8692.3
 10
5137.8
 20
8694.0
 10
5139.9
 20
8695.6
 10
5142.2
 20
8697.0
 10
5144.5
 20
8698.3
 10
5146.9
 20
8699.4
 10
5149.4
 20
8700.3
 10
5152.0
 20
8701.1
 10
5154.6
 20
8701.6
 10
5157.2
 20
8702.0
 10
5159.9
 20
8702.2
 10
5162.5
 20
8702.2
 10
5165.2
 20
8702.1
 10
5167.8
 20
8701.7
 10
5170.4
 20
8701.2
 10
5173.0
 20
8700.5
 10
5175.5
 20
8699.6
 10
5177.9
 20
8698.5
 10
5180.3
 20
8697.3
 10
5182.5
 20
8695.9
 10
5184.7
 20
8694.3
 10
5186.7
 20
8692.6
 10
5188.7
 20
8690.8
 10
5190.5
 20
8688.8
 10
5192.1
 20
8686.7
 10
5193.6
 20
8684.6
 10
5195.0
 20
8682.3
 10
5196.1
 20
8679.9
 10
5197.2
 20
8677.4
 10
5198.0
 20
8674.9
 10
5198.6
 20
8672.3
 10
5199.1
 20
8669.7
 10
5199.4
 20
8667.1
 10
5199.5
 20
8664.4
 10
5199.5
 20
8661.7
 10
5199.2
 20
8659.1
 10
5198.7
 20
8656.5
 10
5198.1
 20
8653.9
 10
5197.3
 20
8651.4
 10
5196.3
 20
8648.9
 10
5195.2
 20
8646.5
 10
5193.9
 20
8644.2
 10
5192.4
 20
8642.0
 10
5190.8
 20
8639.9
 10
5189.0
 20
8637.9
 10
5187.1
 20
8636.0
 10
5185.1
 20
8634.3
 10
5182.9
 20
8632.7
 10
5180.7
 20
8631.3
 10
5178.3
 20
8630.0
 10
5175.9
 20
8628.9
 10
5173.4
 20
8628.0
 10
5170.9
 20
8627.3
 10
5168.3
 20
8626.7
 10
5165.7
 20
8626.3
 10
5163.0
 20
8626.1
 10
5160.3
 20
8626.1
 10
5157.7
 20
8626.2
 10
5155.1
 20
8626.6
 10
5152.4
 20
8627.1
 10
5149.9
 20
8627.9
 10
5147.4
 20
8628.7
 10
5144.9
 20
8629.8
 10
5142.6
 20
8631.0
 10
5140.3
 20
8632.4
 10
5138.2
 20
8634.0
 10
5136.1
 20
8635.7
 10
5134.2
 20
8637.5
 10
5132.4
 20
8639.5
 10
5130.7
 20
8641.6
 10
5129.2
 20
8643.8
 10
5127.9
 20
8646.1
 10
5126.7
 20
8648.4
 10
5125.7
 20
8650.9
 10
5125.6
 20
8651.3
  0
LWPOLYLINE
  5
1D3
330
17
100
AcDbEntity
  8
05設備機器
100
AcDbPolyline
 90
90
 70
0
 10
5161.4
 20
8651.5
 10
5162.3
 20
8651.5
 10
5163.2
 20
8651.6
 10
5164.1
 20
8651.7
 10
5164.9
 20
8652.0
 10
5165.8
 20
8652.2
 10
5166.6
 20
8652.6
 10
5167.4
 20
8652.9
 10
5168.2
 20
8653.4
 10
5168.9
 20
8653.9
 10
5169.6
 20
8654.4
 10
5170.3
 20
8655.0
 10
5170.9
 20
8655.7
 10
5171.4
 20
8656.3
 10
5172.0
 20
8657.1
 10
5172.4
 20
8657.8
 10
5172.8
 20
8658.6
 10
5173.2
 20
8659.4
 10
5173.5
 20
8660.2
 10
5173.8
 20
8661.1
 10
5173.9
 20
8662.0
 10
5174.1
 20
8662.8
 10
5174.1
 20
8663.7
 10
5174.1
 20
8664.6
 10
5174.1
 20
8665.5
 10
5173.9
 20
8666.4
 10
5173.8
 20
8667.2
 10
5173.5
 20
8668.1
 10
5173.2
 20
8668.9
 10
5172.8
 20
8669.7
 10
5172.4
 20
8670.5
 10
5172.0
 20
8671.3
 10
5171.4
 20
8672.0
 10
5170.9
 20
8672.7
 10
5170.3
 20
8673.3
 10
5169.6
 20
8673.9
 10
5168.9
 20
8674.4
 10
5168.2
 20
8674.9
 10
5167.4
 20
8675.4
 10
5166.6
 20
8675.8
 10
5165.8
 20
8676.1
 10
5164.9
 20
8676.4
 10
5164.1
 20
8676.6
 10
5163.2
 20
8676.7
 10
5162.3
 20
8676.8
 10
5161.4
 20
8676.9
 10
5160.5
 20
8676.8
 10
5159.7
 20
8676.7
 10
5158.8
 20
8676.6
 10
5157.9
 20
8676.4
 10
5157.1
 20
8676.1
 10
5156.3
 20
8675.8
 10
5155.5
 20
8675.4
 10
5154.7
 20
8674.9
 10
5154.0
 20
8674.4
 10
5153.3
 20
8673.9
 10
5152.6
 20
8673.3
 10
5152.0
 20
8672.7
 10
5151.4
 20
8672.0
 10
5150.9
 20
8671.3
 10
5150.4
 20
8670.5
 10
5150.0
 20
8669.7
 10
5149.7
 20
8668.9
 10
5149.4
 20
8668.1
 10
5149.1
 20
8667.2
 10
5148.9
 20
8666.4
 10
5148.8
 20
8665.5
 10
5148.7
 20
8664.6
 10
5148.7
 20
8663.7
 10
5148.8
 20
8662.8
 10
5148.9
 20
8662.0
 10
5149.1
 20
8661.1
 10
5149.4
 20
8660.2
 10
5149.7
 20
8659.4
 10
5150.0
 20
8658.6
 10
5150.4
 20
8657.8
 10
5150.9
 20
8657.1
 10
5151.4
 20
8656.3
 10
5152.0
 20
8655.7
 10
5152.6
 20
8655.0
 10
5153.3
 20
8654.4
 10
5154.0
 20
8653.9
 10
5154.7
 20
8653.4
 10
5155.5
 20
8652.9
 10
5156.3
 20
8652.6
 10
5157.1
 20
8652.2
 10
5157.9
 20
8652.0
 10
5158.8
 20
8651.7
 10
5159.7
 20
8651.6
 10
5161.4
 20
8651.5
  0
LWPOLYLINE
  5
1D4
330
17
100
AcDbEntity
  8
05設備機器
100
AcDbPolyline
 90
45
 70
0
 10
5047.1
 20
8651.5
 10
5046.2
 20
8651.5
 10
5045.4
 20
8651.6
 10
5044.5
 20
8651.7
 10
5043.6
 20
8652.0
 10
5042.8
 20
8652.2
 10
5042.0
 20
8652.6
 10
5041.2
 20
8652.9
 10
5040.4
 20
8653.4
 10
5039.7
 20
8653.9
 10
5039.0
 20
8654.4
 10
5038.3
 20
8655.0
 10
5037.7
 20
8655.7
 10
5037.1
 20
8656.3
 10
5036.6
 20
8657.1
 10
5036.1
 20
8657.8
 10
5035.7
 20
8658.6
 10
5035.4
 20
8659.4
 10
5035.1
 20
8660.2
 10
5034.8
 20
8661.1
 10
5034.6
 20
8662.0
 10
5034.5
 20
8662.8
 10
5034.4
 20
8663.7
 10
5034.4
 20
8664.6
 10
5034.5
 20
8665.5
 10
5034.6
 20
8666.4
 10
5034.8
 20
8667.2
 10
5035.1
 20
8668.1
 10
5035.4
 20
8668.9
 10
5035.7
 20
8669.7
 10
5036.1
 20
8670.5
 10
5036.6
 20
8671.3
 10
5037.1
 20
8672.0
 10
5037.7
 20
8672.7
 10
5038.3
 20
8673.3
 10
5039.0
 20
8673.9
 10
5039.7
 20
8674.4
 10
5040.4
 20
8674.9
 10
5041.2
 20
8675.4
 10
5042.0
 20
8675.8
 10
5042.8
 20
8676.1
 10
5043.6
 20
8676.4
 10
5044.5
 20
8676.6
 10
5045.4
 20
8676.7
 10
5047.1
 20
8676.9
  0
LWPOLYLINE
  5
1D5
330
17
100
AcDbEntity
  8
05設備機器
100
AcDbPolyline
 90
2
 70
0
 10
5139.5
 20
8676.9
 10
5047.1
 20
8676.9
  0
LWPOLYLINE
  5
1D6
330
17
100
AcDbEntity
  8
05設備機器
100
AcDbPolyline
 90
2
 70
0
 10
5047.1
 20
8651.5
 10
5139.5
 20
8651.5
  0
LWPOLYLINE
  5
1D7
330
17
100
AcDbEntity
  8
05設備機器
100
AcDbPolyline
 90
90
 70
0
 10
5161.4
 20
8537.2
 10
5163.9
 20
8537.2
 10
5166.3
 20
8537.5
 10
5168.7
 20
8537.9
 10
5171.1
 20
8538.5
 10
5173.4
 20
8539.3
 10
5175.6
 20
8540.2
 10
5177.8
 20
8541.2
 10
5179.9
 20
8542.5
 10
5182.0
 20
8543.8
 10
5183.9
 20
8545.3
 10
5185.7
 20
8547.0
 10
5187.4
 20
8548.7
 10
5189.0
 20
8550.6
 10
5190.4
 20
8552.6
 10
5191.7
 20
8554.6
 10
5192.8
 20
8556.8
 10
5193.8
 20
8559.0
 10
5194.6
 20
8561.3
 10
5195.3
 20
8563.6
 10
5195.8
 20
8566.0
 10
5196.2
 20
8568.4
 10
5196.3
 20
8570.9
 10
5196.3
 20
8573.3
 10
5196.2
 20
8575.7
 10
5195.8
 20
8578.2
 10
5195.3
 20
8580.5
 10
5194.6
 20
8582.9
 10
5193.8
 20
8585.2
 10
5192.8
 20
8587.4
 10
5191.7
 20
8589.5
 10
5190.4
 20
8591.6
 10
5189.0
 20
8593.6
 10
5187.4
 20
8595.5
 10
5185.7
 20
8597.2
 10
5183.9
 20
8598.8
 10
5182.0
 20
8600.3
 10
5179.9
 20
8601.7
 10
5177.8
 20
8602.9
 10
5175.6
 20
8604.0
 10
5173.4
 20
8604.9
 10
5171.1
 20
8605.7
 10
5168.7
 20
8606.2
 10
5166.3
 20
8606.7
 10
5163.9
 20
8606.9
 10
5161.4
 20
8607.0
 10
5159.0
 20
8606.9
 10
5156.6
 20
8606.7
 10
5154.2
 20
8606.2
 10
5151.8
 20
8605.7
 10
5149.5
 20
8604.9
 10
5147.2
 20
8604.0
 10
5145.0
 20
8602.9
 10
5142.9
 20
8601.7
 10
5140.9
 20
8600.3
 10
5139.0
 20
8598.8
 10
5137.2
 20
8597.2
 10
5135.5
 20
8595.5
 10
5133.9
 20
8593.6
 10
5132.5
 20
8591.6
 10
5131.2
 20
8589.5
 10
5130.0
 20
8587.4
 10
5129.0
 20
8585.2
 10
5128.2
 20
8582.9
 10
5127.5
 20
8580.5
 10
5127.0
 20
8578.2
 10
5126.7
 20
8575.7
 10
5126.5
 20
8573.3
 10
5126.5
 20
8570.9
 10
5126.7
 20
8568.4
 10
5127.0
 20
8566.0
 10
5127.5
 20
8563.6
 10
5128.2
 20
8561.3
 10
5129.0
 20
8559.0
 10
5130.0
 20
8556.8
 10
5131.2
 20
8554.6
 10
5132.5
 20
8552.6
 10
5133.9
 20
8550.6
 10
5135.5
 20
8548.7
 10
5137.2
 20
8547.0
 10
5139.0
 20
8545.3
 10
5140.9
 20
8543.8
 10
5142.9
 20
8542.5
 10
5145.0
 20
8541.2
 10
5147.2
 20
8540.2
 10
5149.5
 20
8539.3
 10
5151.8
 20
8538.5
 10
5154.2
 20
8537.9
 10
5156.6
 20
8537.5
 10
5161.4
 20
8537.2
  0
LWPOLYLINE
  5
1D8
330
17
100
AcDbEntity
  8
05設備機器
100
AcDbPolyline
 90
90
 70
0
 10
5161.4
 20
8590.4
 10
5161.9
 20
8590.4
 10
5162.4
 20
8590.5
 10
5162.9
 20
8590.5
 10
5163.4
 20
8590.7
 10
5163.9
 20
8590.8
 10
5164.3
 20
8591.0
 10
5164.8
 20
8591.2
 10
5165.2
 20
8591.5
 10
5165.6
 20
8591.7
 10
5166.0
 20
8592.0
 10
5166.4
 20
8592.4
 10
5166.7
 20
8592.7
 10
5167.0
 20
8593.1
 10
5167.3
 20
8593.5
 10
5167.6
 20
8593.9
 10
5167.8
 20
8594.4
 10
5168.0
 20
8594.8
 10
5168.2
 20
8595.3
 10
5168.3
 20
8595.8
 10
5168.4
 20
8596.3
 10
5168.5
 20
8596.7
 10
5168.5
 20
8597.2
 10
5168.5
 20
8597.7
 10
5168.5
 20
8598.2
 10
5168.4
 20
8598.7
 10
5168.3
 20
8599.2
 10
5168.2
 20
8599.7
 10
5168.0
 20
8600.1
 10
5167.8
 20
8600.6
 10
5167.6
 20
8601.0
 10
5167.3
 20
8601.5
 10
5167.0
 20
8601.9
 10
5166.7
 20
8602.2
 10
5166.4
 20
8602.6
 10
5166.0
 20
8602.9
 10
5165.6
 20
8603.2
 10
5165.2
 20
8603.5
 10
5164.8
 20
8603.8
 10
5164.3
 20
8604.0
 10
5163.9
 20
8604.2
 10
5163.4
 20
8604.3
 10
5162.9
 20
8604.4
 10
5162.4
 20
8604.5
 10
5161.9
 20
8604.6
 10
5161.4
 20
8604.6
 10
5160.9
 20
8604.6
 10
5160.4
 20
8604.5
 10
5160.0
 20
8604.4
 10
5159.5
 20
8604.3
 10
5159.0
 20
8604.2
 10
5158.5
 20
8604.0
 10
5158.1
 20
8603.8
 10
5157.7
 20
8603.5
 10
5157.3
 20
8603.2
 10
5156.9
 20
8602.9
 10
5156.5
 20
8602.6
 10
5156.2
 20
8602.2
 10
5155.8
 20
8601.9
 10
5155.5
 20
8601.5
 10
5155.3
 20
8601.0
 10
5155.1
 20
8600.6
 10
5154.8
 20
8600.1
 10
5154.7
 20
8599.7
 10
5154.5
 20
8599.2
 10
5154.4
 20
8598.7
 10
5154.4
 20
8598.2
 10
5154.3
 20
8597.7
 10
5154.3
 20
8597.2
 10
5154.4
 20
8596.7
 10
5154.4
 20
8596.3
 10
5154.5
 20
8595.8
 10
5154.7
 20
8595.3
 10
5154.8
 20
8594.8
 10
5155.1
 20
8594.4
 10
5155.3
 20
8593.9
 10
5155.5
 20
8593.5
 10
5155.8
 20
8593.1
 10
5156.2
 20
8592.7
 10
5156.5
 20
8592.4
 10
5156.9
 20
8592.0
 10
5157.3
 20
8591.7
 10
5157.7
 20
8591.5
 10
5158.1
 20
8591.2
 10
5158.5
 20
8591.0
 10
5159.0
 20
8590.8
 10
5159.5
 20
8590.7
 10
5160.0
 20
8590.5
 10
5160.4
 20
8590.5
 10
5161.4
 20
8590.4
  0
LWPOLYLINE
  5
1D9
330
17
100
AcDbEntity
  8
05設備機器
100
AcDbPolyline
 90
90
 70
0
 10
5161.4
 20
8559.4
 10
5162.3
 20
8559.4
 10
5163.2
 20
8559.5
 10
5164.1
 20
8559.7
 10
5164.9
 20
8559.9
 10
5165.8
 20
8560.2
 10
5166.6
 20
8560.5
 10
5167.4
 20
8560.9
 10
5168.2
 20
8561.3
 10
5168.9
 20
8561.8
 10
5169.6
 20
8562.4
 10
5170.3
 20
8563.0
 10
5170.9
 20
8563.6
 10
5171.4
 20
8564.3
 10
5172.0
 20
8565.0
 10
5172.4
 20
8565.7
 10
5172.8
 20
8566.5
 10
5173.2
 20
8567.3
 10
5173.5
 20
8568.2
 10
5173.8
 20
8569.0
 10
5173.9
 20
8569.9
 10
5174.1
 20
8570.8
 10
5174.1
 20
8571.6
 10
5174.1
 20
8572.5
 10
5174.1
 20
8573.4
 10
5173.9
 20
8574.3
 10
5173.8
 20
8575.2
 10
5173.5
 20
8576.0
 10
5173.2
 20
8576.8
 10
5172.8
 20
8577.7
 10
5172.4
 20
8578.4
 10
5172.0
 20
8579.2
 10
5171.4
 20
8579.9
 10
5170.9
 20
8580.6
 10
5170.3
 20
8581.2
 10
5169.6
 20
8581.8
 10
5168.9
 20
8582.4
 10
5168.2
 20
8582.9
 10
5167.4
 20
8583.3
 10
5166.6
 20
8583.7
 10
5165.8
 20
8584.0
 10
5164.9
 20
8584.3
 10
5164.1
 20
8584.5
 10
5163.2
 20
8584.7
 10
5162.3
 20
8584.8
 10
5161.4
 20
8584.8
 10
5160.5
 20
8584.8
 10
5159.7
 20
8584.7
 10
5158.8
 20
8584.5
 10
5157.9
 20
8584.3
 10
5157.1
 20
8584.0
 10
5156.3
 20
8583.7
 10
5155.5
 20
8583.3
 10
5154.7
 20
8582.9
 10
5154.0
 20
8582.4
 10
5153.3
 20
8581.8
 10
5152.6
 20
8581.2
 10
5152.0
 20
8580.6
 10
5151.4
 20
8579.9
 10
5150.9
 20
8579.2
 10
5150.4
 20
8578.4
 10
5150.0
 20
8577.7
 10
5149.7
 20
8576.8
 10
5149.4
 20
8576.0
 10
5149.1
 20
8575.2
 10
5148.9
 20
8574.3
 10
5148.8
 20
8573.4
 10
5148.7
 20
8572.5
 10
5148.7
 20
8571.6
 10
5148.8
 20
8570.8
 10
5148.9
 20
8569.9
 10
5149.1
 20
8569.0
 10
5149.4
 20
8568.2
 10
5149.7
 20
8567.3
 10
5150.0
 20
8566.5
 10
5150.4
 20
8565.7
 10
5150.9
 20
8565.0
 10
5151.4
 20
8564.3
 10
5152.0
 20
8563.6
 10
5152.6
 20
8563.0
 10
5153.3
 20
8562.4
 10
5154.0
 20
8561.8
 10
5154.7
 20
8561.3
 10
5155.5
 20
8560.9
 10
5156.3
 20
8560.5
 10
5157.1
 20
8560.2
 10
5157.9
 20
8559.9
 10
5158.8
 20
8559.7
 10
5159.7
 20
8559.5
 10
5161.4
 20
8559.4
  0
LWPOLYLINE
  5
1DA
330
17
100
AcDbEntity
  8
05設備機器
100
AcDbPolyline
 90
90
 70
0
 10
5161.4
 20
8539.6
 10
5161.9
 20
8539.6
 10
5162.4
 20
8539.7
 10
5162.9
 20
8539.7
 10
5163.4
 20
8539.9
 10
5163.9
 20
8540.0
 10
5164.3
 20
8540.2
 10
5164.8
 20
8540.4
 10
5165.2
 20
8540.7
 10
5165.6
 20
8540.9
 10
5166.0
 20
8541.2
 10
5166.4
 20
8541.6
 10
5166.7
 20
8541.9
 10
5167.0
 20
8542.3
 10
5167.3
 20
8542.7
 10
5167.6
 20
8543.1
 10
5167.8
 20
8543.6
 10
5168.0
 20
8544.0
 10
5168.2
 20
8544.5
 10
5168.3
 20
8545.0
 10
5168.4
 20
8545.5
 10
5168.5
 20
8545.9
 10
5168.5
 20
8546.4
 10
5168.5
 20
8546.9
 10
5168.5
 20
8547.4
 10
5168.4
 20
8547.9
 10
5168.3
 20
8548.4
 10
5168.2
 20
8548.9
 10
5168.0
 20
8549.3
 10
5167.8
 20
8549.8
 10
5167.6
 20
8550.2
 10
5167.3
 20
8550.7
 10
5167.0
 20
8551.1
 10
5166.7
 20
8551.4
 10
5166.4
 20
8551.8
 10
5166.0
 20
8552.1
 10
5165.6
 20
8552.4
 10
5165.2
 20
8552.7
 10
5164.8
 20
8553.0
 10
5164.3
 20
8553.2
 10
5163.9
 20
8553.4
 10
5163.4
 20
8553.5
 10
5162.9
 20
8553.6
 10
5162.4
 20
8553.7
 10
5161.9
 20
8553.8
 10
5161.4
 20
8553.8
 10
5160.9
 20
8553.8
 10
5160.4
 20
8553.7
 10
5160.0
 20
8553.6
 10
5159.5
 20
8553.5
 10
5159.0
 20
8553.4
 10
5158.5
 20
8553.2
 10
5158.1
 20
8553.0
 10
5157.7
 20
8552.7
 10
5157.3
 20
8552.4
 10
5156.9
 20
8552.1
 10
5156.5
 20
8551.8
 10
5156.2
 20
8551.4
 10
5155.8
 20
8551.1
 10
5155.5
 20
8550.7
 10
5155.3
 20
8550.2
 10
5155.1
 20
8549.8
 10
5154.8
 20
8549.3
 10
5154.7
 20
8548.9
 10
5154.5
 20
8548.4
 10
5154.4
 20
8547.9
 10
5154.4
 20
8547.4
 10
5154.3
 20
8546.9
 10
5154.3
 20
8546.4
 10
5154.4
 20
8545.9
 10
5154.4
 20
8545.5
 10
5154.5
 20
8545.0
 10
5154.7
 20
8544.5
 10
5154.8
 20
8544.0
 10
5155.1
 20
8543.6
 10
5155.3
 20
8543.1
 10
5155.5
 20
8542.7
 10
5155.8
 20
8542.3
 10
5156.2
 20
8541.9
 10
5156.5
 20
8541.6
 10
5156.9
 20
8541.2
 10
5157.3
 20
8540.9
 10
5157.7
 20
8540.7
 10
5158.1
 20
8540.4
 10
5158.5
 20
8540.2
 10
5159.0
 20
8540.0
 10
5159.5
 20
8539.9
 10
5160.0
 20
8539.7
 10
5160.4
 20
8539.7
 10
5161.4
 20
8539.6
  0
LWPOLYLINE
  5
1DB
330
17
100
AcDbEntity
  8
05設備機器
100
AcDbPolyline
 90
2
 70
0
 10
5164.6
 20
8559.9
 10
5164.6
 20
8553.0
  0
LWPOLYLINE
  5
1DC
330
17
100
AcDbEntity
  8
05設備機器
100
AcDbPolyline
 90
2
 70
0
 10
5158.3
 20
8559.8
 10
5158.3
 20
8553.0
  0
LWPOLYLINE
  5
1DD
330
17
100
AcDbEntity
  8
05設備機器
100
AcDbPolyline
 90
90
 70
0
 10
5136.0
 20
8565.0
 10
5136.5
 20
8565.0
 10
5137.0
 20
8565.1
 10
5137.5
 20
8565.1
 10
5138.0
 20
8565.3
 10
5138.5
 20
8565.4
 10
5138.9
 20
8565.6
 10
5139.4
 20
8565.8
 10
5139.8
 20
8566.1
 10
5140.2
 20
8566.3
 10
5140.6
 20
8566.6
 10
5141.0
 20
8567.0
 10
5141.3
 20
8567.3
 10
5141.6
 20
8567.7
 10
5141.9
 20
8568.1
 10
5142.2
 20
8568.5
 10
5142.4
 20
8569.0
 10
5142.6
 20
8569.4
 10
5142.8
 20
8569.9
 10
5142.9
 20
8570.4
 10
5143.0
 20
8570.9
 10
5143.1
 20
8571.3
 10
5143.1
 20
8571.8
 10
5143.1
 20
8572.3
 10
5143.1
 20
8572.8
 10
5143.0
 20
8573.3
 10
5142.9
 20
8573.8
 10
5142.8
 20
8574.3
 10
5142.6
 20
8574.7
 10
5142.4
 20
8575.2
 10
5142.2
 20
8575.6
 10
5141.9
 20
8576.1
 10
5141.6
 20
8576.5
 10
5141.3
 20
8576.8
 10
5141.0
 20
8577.2
 10
5140.6
 20
8577.5
 10
5140.2
 20
8577.8
 10
5139.8
 20
8578.1
 10
5139.4
 20
8578.4
 10
5138.9
 20
8578.6
 10
5138.5
 20
8578.8
 10
5138.0
 20
8578.9
 10
5137.5
 20
8579.0
 10
5137.0
 20
8579.1
 10
5136.5
 20
8579.2
 10
5136.0
 20
8579.2
 10
5135.5
 20
8579.2
 10
5135.0
 20
8579.1
 10
5134.6
 20
8579.0
 10
5134.1
 20
8578.9
 10
5133.6
 20
8578.8
 10
5133.1
 20
8578.6
 10
5132.7
 20
8578.4
 10
5132.3
 20
8578.1
 10
5131.9
 20
8577.8
 10
5131.5
 20
8577.5
 10
5131.1
 20
8577.2
 10
5130.8
 20
8576.8
 10
5130.4
 20
8576.5
 10
5130.1
 20
8576.1
 10
5129.9
 20
8575.6
 10
5129.7
 20
8575.2
 10
5129.4
 20
8574.7
 10
5129.3
 20
8574.3
 10
5129.1
 20
8573.8
 10
5129.0
 20
8573.3
 10
5129.0
 20
8572.8
 10
5128.9
 20
8572.3
 10
5128.9
 20
8571.8
 10
5129.0
 20
8571.3
 10
5129.0
 20
8570.9
 10
5129.1
 20
8570.4
 10
5129.3
 20
8569.9
 10
5129.4
 20
8569.4
 10
5129.7
 20
8569.0
 10
5129.9
 20
8568.5
 10
5130.1
 20
8568.1
 10
5130.4
 20
8567.7
 10
5130.8
 20
8567.3
 10
5131.1
 20
8567.0
 10
5131.5
 20
8566.6
 10
5131.9
 20
8566.3
 10
5132.3
 20
8566.1
 10
5132.7
 20
8565.8
 10
5133.1
 20
8565.6
 10
5133.6
 20
8565.4
 10
5134.1
 20
8565.3
 10
5134.6
 20
8565.1
 10
5135.0
 20
8565.1
 10
5136.0
 20
8565.0
  0
LWPOLYLINE
  5
1DE
330
17
100
AcDbEntity
  8
05設備機器
100
AcDbPolyline
 90
2
 70
0
 10
5149.3
 20
8568.9
 10
5142.4
 20
8568.9
  0
LWPOLYLINE
  5
1DF
330
17
100
AcDbEntity
  8
05設備機器
100
AcDbPolyline
 90
2
 70
0
 10
5149.2
 20
8575.3
 10
5142.4
 20
8575.3
  0
LWPOLYLINE
  5
1E0
330
17
100
AcDbEntity
  8
05設備機器
100
AcDbPolyline
 90
90
 70
0
 10
5186.8
 20
8565.0
 10
5187.3
 20
8565.0
 10
5187.8
 20
8565.1
 10
5188.3
 20
8565.1
 10
5188.8
 20
8565.3
 10
5189.3
 20
8565.4
 10
5189.7
 20
8565.6
 10
5190.2
 20
8565.8
 10
5190.6
 20
8566.1
 10
5191.0
 20
8566.3
 10
5191.4
 20
8566.6
 10
5191.8
 20
8567.0
 10
5192.1
 20
8567.3
 10
5192.4
 20
8567.7
 10
5192.7
 20
8568.1
 10
5193.0
 20
8568.5
 10
5193.2
 20
8569.0
 10
5193.4
 20
8569.4
 10
5193.6
 20
8569.9
 10
5193.7
 20
8570.4
 10
5193.8
 20
8570.9
 10
5193.9
 20
8571.3
 10
5193.9
 20
8571.8
 10
5193.9
 20
8572.3
 10
5193.9
 20
8572.8
 10
5193.8
 20
8573.3
 10
5193.7
 20
8573.8
 10
5193.6
 20
8574.3
 10
5193.4
 20
8574.7
 10
5193.2
 20
8575.2
 10
5193.0
 20
8575.6
 10
5192.7
 20
8576.1
 10
5192.4
 20
8576.5
 10
5192.1
 20
8576.8
 10
5191.8
 20
8577.2
 10
5191.4
 20
8577.5
 10
5191.0
 20
8577.8
 10
5190.6
 20
8578.1
 10
5190.2
 20
8578.4
 10
5189.7
 20
8578.6
 10
5189.3
 20
8578.8
 10
5188.8
 20
8578.9
 10
5188.3
 20
8579.0
 10
5187.8
 20
8579.1
 10
5187.3
 20
8579.2
 10
5186.8
 20
8579.2
 10
5186.3
 20
8579.2
 10
5185.8
 20
8579.1
 10
5185.4
 20
8579.0
 10
5184.9
 20
8578.9
 10
5184.4
 20
8578.8
 10
5183.9
 20
8578.6
 10
5183.5
 20
8578.4
 10
5183.1
 20
8578.1
 10
5182.7
 20
8577.8
 10
5182.3
 20
8577.5
 10
5181.9
 20
8577.2
 10
5181.6
 20
8576.8
 10
5181.2
 20
8576.5
 10
5180.9
 20
8576.1
 10
5180.7
 20
8575.6
 10
5180.5
 20
8575.2
 10
5180.2
 20
8574.7
 10
5180.1
 20
8574.3
 10
5179.9
 20
8573.8
 10
5179.8
 20
8573.3
 10
5179.8
 20
8572.8
 10
5179.7
 20
8572.3
 10
5179.7
 20
8571.8
 10
5179.8
 20
8571.3
 10
5179.8
 20
8570.9
 10
5179.9
 20
8570.4
 10
5180.1
 20
8569.9
 10
5180.2
 20
8569.4
 10
5180.5
 20
8569.0
 10
5180.7
 20
8568.5
 10
5180.9
 20
8568.1
 10
5181.2
 20
8567.7
 10
5181.6
 20
8567.3
 10
5181.9
 20
8567.0
 10
5182.3
 20
8566.6
 10
5182.7
 20
8566.3
 10
5183.1
 20
8566.1
 10
5183.5
 20
8565.8
 10
5183.9
 20
8565.6
 10
5184.4
 20
8565.4
 10
5184.9
 20
8565.3
 10
5185.4
 20
8565.1
 10
5185.8
 20
8565.1
 10
5186.8
 20
8565.0
  0
LWPOLYLINE
  5
1E1
330
17
100
AcDbEntity
  8
05設備機器
100
AcDbPolyline
 90
2
 70
0
 10
5173.6
 20
8575.3
 10
5180.5
 20
8575.3
  0
LWPOLYLINE
  5
1E2
330
17
100
AcDbEntity
  8
05設備機器
100
AcDbPolyline
 90
2
 70
0
 10
5173.7
 20
8568.9
 10
5180.5
 20
8568.9
  0
LWPOLYLINE
  5
1E3
330
17
100
AcDbEntity
  8
05設備機器
100
AcDbPolyline
 90
2
 70
0
 10
5158.3
 20
8584.3
 10
5158.3
 20
8591.1
  0
LWPOLYLINE
  5
1E4
330
17
100
AcDbEntity
  8
05設備機器
100
AcDbPolyline
 90
2
 70
0
 10
5164.6
 20
8584.3
 10
5164.6
 20
8591.1
  0
LWPOLYLINE
  5
1E5
330
17
100
AcDbEntity
  8
05設備機器
100
AcDbPolyline
 90
16
 70
0
 10
5136.9
 20
8565.4
 10
5137.5
 20
8563.7
 10
5138.1
 20
8562.1
 10
5138.8
 20
8560.5
 10
5139.7
 20
8558.9
 10
5140.7
 20
8557.4
 10
5141.8
 20
8556.0
 10
5142.9
 20
8554.7
 10
5144.2
 20
8553.4
 10
5145.5
 20
8552.3
 10
5147.0
 20
8551.2
 10
5148.4
 20
8550.3
 10
5150.0
 20
8549.4
 10
5151.6
 20
8548.7
 10
5153.3
 20
8548.0
 10
5154.5
 20
8547.6
  0
LWPOLYLINE
  5
1E6
330
17
100
AcDbEntity
  8
05設備機器
100
AcDbPolyline
 90
16
 70
0
 10
5154.2
 20
8596.4
 10
5152.6
 20
8595.9
 10
5150.9
 20
8595.2
 10
5149.3
 20
8594.4
 10
5147.8
 20
8593.5
 10
5146.3
 20
8592.5
 10
5145.0
 20
8591.4
 10
5143.6
 20
8590.2
 10
5142.4
 20
8588.9
 10
5141.3
 20
8587.6
 10
5140.3
 20
8586.1
 10
5139.3
 20
8584.6
 10
5138.5
 20
8583.0
 10
5137.8
 20
8581.4
 10
5137.2
 20
8579.7
 10
5137.0
 20
8579.1
  0
LWPOLYLINE
  5
1E7
330
17
100
AcDbEntity
  8
05設備機器
100
AcDbPolyline
 90
16
 70
0
 10
5168.5
 20
8547.7
 10
5170.2
 20
8548.3
 10
5171.9
 20
8548.9
 10
5173.4
 20
8549.7
 10
5175.0
 20
8550.6
 10
5176.4
 20
8551.6
 10
5177.8
 20
8552.7
 10
5179.2
 20
8553.9
 10
5180.4
 20
8555.2
 10
5181.5
 20
8556.5
 10
5182.5
 20
8558.0
 10
5183.5
 20
8559.5
 10
5184.3
 20
8561.0
 10
5185.0
 20
8562.7
 10
5185.6
 20
8564.3
 10
5185.8
 20
8565.0
  0
LWPOLYLINE
  5
1E8
330
17
100
AcDbEntity
  8
05設備機器
100
AcDbPolyline
 90
16
 70
0
 10
5185.8
 20
8579.1
 10
5185.3
 20
8580.8
 10
5184.6
 20
8582.5
 10
5183.8
 20
8584.1
 10
5182.9
 20
8585.6
 10
5181.9
 20
8587.1
 10
5180.9
 20
8588.5
 10
5179.7
 20
8589.8
 10
5178.4
 20
8591.0
 10
5177.0
 20
8592.1
 10
5175.6
 20
8593.2
 10
5174.1
 20
8594.1
 10
5172.5
 20
8594.9
 10
5170.9
 20
8595.7
 10
5169.2
 20
8596.3
 10
5168.4
 20
8596.5
  0
LWPOLYLINE
  5
1E9
330
17
100
AcDbEntity
  8
05設備機器
100
AcDbPolyline
 90
90
 70
0
 10
4865.9
 20
8698.2
 10
4864.1
 20
8698.1
 10
4862.4
 20
8697.9
 10
4860.6
 20
8697.6
 10
4858.9
 20
8697.2
 10
4857.2
 20
8696.6
 10
4855.6
 20
8696.0
 10
4854.0
 20
8695.2
 10
4852.5
 20
8694.3
 10
4851.0
 20
8693.3
 10
4849.6
 20
8692.2
 10
4848.3
 20
8691.0
 10
4847.0
 20
8689.8
 10
4845.9
 20
8688.4
 10
4844.9
 20
8687.0
 10
4843.9
 20
8685.5
 10
4843.1
 20
8683.9
 10
4842.4
 20
8682.3
 10
4841.8
 20
8680.6
 10
4841.3
 20
8678.9
 10
4840.9
 20
8677.2
 10
4840.7
 20
8675.4
 10
4840.5
 20
8673.6
 10
4840.5
 20
8671.9
 10
4840.7
 20
8670.1
 10
4840.9
 20
8668.3
 10
4841.3
 20
8666.6
 10
4841.8
 20
8664.9
 10
4842.4
 20
8663.2
 10
4843.1
 20
8661.6
 10
4843.9
 20
8660.1
 10
4844.9
 20
8658.6
 10
4845.9
 20
8657.1
 10
4847.0
 20
8655.8
 10
4848.3
 20
8654.5
 10
4849.6
 20
8653.3
 10
4851.0
 20
8652.2
 10
4852.5
 20
8651.2
 10
4854.0
 20
8650.3
 10
4855.6
 20
8649.6
 10
4857.2
 20
8648.9
 10
4858.9
 20
8648.3
 10
4860.6
 20
8647.9
 10
4862.4
 20
8647.6
 10
4864.1
 20
8647.4
 10
4865.9
 20
8647.4
 10
4867.7
 20
8647.4
 10
4869.4
 20
8647.6
 10
4871.2
 20
8647.9
 10
4872.9
 20
8648.3
 10
4874.6
 20
8648.9
 10
4876.2
 20
8649.6
 10
4877.8
 20
8650.3
 10
4879.4
 20
8651.2
 10
4880.8
 20
8652.2
 10
4882.2
 20
8653.3
 10
4883.6
 20
8654.5
 10
4884.8
 20
8655.8
 10
4885.9
 20
8657.1
 10
4887.0
 20
8658.6
 10
4887.9
 20
8660.1
 10
4888.7
 20
8661.6
 10
4889.5
 20
8663.2
 10
4890.1
 20
8664.9
 10
4890.6
 20
8666.6
 10
4890.9
 20
8668.3
 10
4891.2
 20
8670.1
 10
4891.3
 20
8671.9
 10
4891.3
 20
8673.6
 10
4891.2
 20
8675.4
 10
4890.9
 20
8677.2
 10
4890.6
 20
8678.9
 10
4890.1
 20
8680.6
 10
4889.5
 20
8682.3
 10
4888.7
 20
8683.9
 10
4887.9
 20
8685.5
 10
4887.0
 20
8687.0
 10
4885.9
 20
8688.4
 10
4884.8
 20
8689.8
 10
4883.6
 20
8691.0
 10
4882.2
 20
8692.2
 10
4880.8
 20
8693.3
 10
4879.4
 20
8694.3
 10
4877.8
 20
8695.2
 10
4876.2
 20
8696.0
 10
4874.6
 20
8696.6
 10
4872.9
 20
8697.2
 10
4871.2
 20
8697.6
 10
4869.4
 20
8697.9
 10
4865.9
 20
8698.2
  0
LWPOLYLINE
  5
1EA
330
17
100
AcDbEntity
  8
05設備機器
100
AcDbPolyline
 90
90
 70
0
 10
4865.9
 20
8710.9
 10
4863.3
 20
8710.8
 10
4860.6
 20
8710.5
 10
4858.0
 20
8710.0
 10
4855.4
 20
8709.4
 10
4852.9
 20
8708.6
 10
4850.4
 20
8707.6
 10
4848.0
 20
8706.4
 10
4845.7
 20
8705.1
 10
4843.5
 20
8703.6
 10
4841.4
 20
8701.9
 10
4839.4
 20
8700.2
 10
4837.6
 20
8698.3
 10
4835.9
 20
8696.2
 10
4834.3
 20
8694.1
 10
4832.9
 20
8691.8
 10
4831.7
 20
8689.5
 10
4830.6
 20
8687.0
 10
4829.7
 20
8684.5
 10
4828.9
 20
8682.0
 10
4828.4
 20
8679.4
 10
4828.0
 20
8676.7
 10
4827.8
 20
8674.1
 10
4827.8
 20
8671.4
 10
4828.0
 20
8668.8
 10
4828.4
 20
8666.1
 10
4828.9
 20
8663.5
 10
4829.7
 20
8661.0
 10
4830.6
 20
8658.5
 10
4831.7
 20
8656.1
 10
4832.9
 20
8653.7
 10
4834.3
 20
8651.5
 10
4835.9
 20
8649.3
 10
4837.6
 20
8647.3
 10
4839.4
 20
8645.4
 10
4841.4
 20
8643.6
 10
4843.5
 20
8641.9
 10
4845.7
 20
8640.4
 10
4848.0
 20
8639.1
 10
4850.4
 20
8638.0
 10
4852.9
 20
8637.0
 10
4855.4
 20
8636.1
 10
4858.0
 20
8635.5
 10
4860.6
 20
8635.0
 10
4863.3
 20
8634.7
 10
4865.9
 20
8634.7
 10
4868.6
 20
8634.7
 10
4871.2
 20
8635.0
 10
4873.8
 20
8635.5
 10
4876.4
 20
8636.1
 10
4878.9
 20
8637.0
 10
4881.4
 20
8638.0
 10
4883.8
 20
8639.1
 10
4886.1
 20
8640.4
 10
4888.3
 20
8641.9
 10
4890.4
 20
8643.6
 10
4892.4
 20
8645.4
 10
4894.2
 20
8647.3
 10
4895.9
 20
8649.3
 10
4897.5
 20
8651.5
 10
4898.9
 20
8653.7
 10
4900.2
 20
8656.1
 10
4901.2
 20
8658.5
 10
4902.1
 20
8661.0
 10
4902.9
 20
8663.5
 10
4903.4
 20
8666.1
 10
4903.8
 20
8668.8
 10
4904.0
 20
8671.4
 10
4904.0
 20
8674.1
 10
4903.8
 20
8676.7
 10
4903.4
 20
8679.4
 10
4902.9
 20
8682.0
 10
4902.1
 20
8684.5
 10
4901.2
 20
8687.0
 10
4900.2
 20
8689.5
 10
4898.9
 20
8691.8
 10
4897.5
 20
8694.1
 10
4895.9
 20
8696.2
 10
4894.2
 20
8698.3
 10
4892.4
 20
8700.2
 10
4890.4
 20
8701.9
 10
4888.3
 20
8703.6
 10
4886.1
 20
8705.1
 10
4883.8
 20
8706.4
 10
4881.4
 20
8707.6
 10
4878.9
 20
8708.6
 10
4876.4
 20
8709.4
 10
4873.8
 20
8710.0
 10
4871.2
 20
8710.5
 10
4865.9
 20
8710.9
  0
LWPOLYLINE
  5
1EB
330
17
100
AcDbEntity
  8
05設備機器
100
AcDbPolyline
 90
2
 70
0
 10
4865.9
 20
8647.4
 10
4865.9
 20
8698.2
  0
LWPOLYLINE
  5
1EC
330
17
100
AcDbEntity
  8
05設備機器
100
AcDbPolyline
 90
2
 70
0
 10
4840.5
 20
8672.8
 10
4891.3
 20
8672.8
  0
LWPOLYLINE
  5
1ED
330
17
100
AcDbEntity
  8
05設備機器
100
AcDbPolyline
 90
112
 70
0
 10
4861.9
 20
8386.1
 10
4875.1
 20
8386.4
 10
4888.3
 20
8387.6
 10
4901.4
 20
8389.7
 10
4914.3
 20
8392.7
 10
4927.0
 20
8396.6
 10
4939.3
 20
8401.4
 10
4948.5
 20
8405.7
 10
4948.5
 20
8405.7
 10
4963.4
 20
8413.7
 10
4977.8
 20
8422.7
 10
4991.4
 20
8432.7
 10
5004.3
 20
8443.6
 10
5016.4
 20
8455.4
 10
5027.4
 20
8467.7
 10
5027.4
 20
8467.7
 10
5039.9
 20
8483.7
 10
5051.2
 20
8500.6
 10
5061.2
 20
8518.2
 10
5070.1
 20
8536.4
 10
5077.6
 20
8555.2
 10
5078.4
 20
8557.5
 10
5078.4
 20
8557.5
 10
5085.8
 20
8581.0
 10
5091.5
 20
8604.9
 10
5095.5
 20
8629.2
 10
5097.8
 20
8653.7
 10
5098.4
 20
8669.5
 10
5098.4
 20
8669.5
 10
5097.8
 20
8694.1
 10
5095.6
 20
8718.6
 10
5091.7
 20
8742.9
 10
5086.1
 20
8766.8
 10
5081.6
 20
8782.0
 10
5081.6
 20
8782.0
 10
5074.7
 20
8801.1
 10
5066.6
 20
8819.6
 10
5057.1
 20
8837.6
 10
5046.5
 20
8854.8
 10
5034.6
 20
8871.3
 10
5033.1
 20
8873.1
 10
5033.1
 20
8873.1
 10
5022.2
 20
8886.1
 10
5010.4
 20
8898.2
 10
4997.8
 20
8909.5
 10
4984.4
 20
8919.8
 10
4970.4
 20
8929.2
 10
4956.0
 20
8937.4
 10
4956.0
 20
8937.4
 10
4944.1
 20
8943.2
 10
4931.8
 20
8948.1
 10
4919.2
 20
8952.2
 10
4906.3
 20
8955.4
 10
4893.3
 20
8957.7
 10
4880.1
 20
8959.0
 10
4870.0
 20
8959.4
 10
4870.0
 20
8959.4
 10
4856.7
 20
8959.2
 10
4843.5
 20
8958.0
 10
4830.4
 20
8955.8
 10
4817.5
 20
8952.8
 10
4804.9
 20
8948.9
 10
4792.5
 20
8944.1
 10
4783.3
 20
8939.9
 10
4783.3
 20
8939.9
 10
4768.4
 20
8931.9
 10
4754.1
 20
8922.8
 10
4740.4
 20
8912.8
 10
4727.5
 20
8901.9
 10
4715.4
 20
8890.1
 10
4704.4
 20
8877.8
 10
4704.4
 20
8877.8
 10
4692.0
 20
8861.8
 10
4680.7
 20
8844.9
 10
4670.6
 20
8827.3
 10
4661.7
 20
8809.1
 10
4654.2
 20
8790.3
 10
4653.4
 20
8788.0
 10
4653.4
 20
8788.0
 10
4646.0
 20
8764.5
 10
4640.4
 20
8740.6
 10
4636.3
 20
8716.3
 10
4634.0
 20
8691.8
 10
4633.5
 20
8676.0
 10
4633.5
 20
8676.0
 10
4634.0
 20
8651.4
 10
4636.2
 20
8626.9
 10
4640.1
 20
8602.6
 10
4645.8
 20
8578.7
 10
4650.2
 20
8563.5
 10
4650.2
 20
8563.5
 10
4657.1
 20
8544.5
 10
4665.3
 20
8525.9
 10
4674.7
 20
8507.9
 10
4685.4
 20
8490.7
 10
4697.2
 20
8474.3
 10
4698.7
 20
8472.4
 10
4698.7
 20
8472.4
 10
4709.6
 20
8459.5
 10
4721.4
 20
8447.3
 10
4734.0
 20
8436.1
 10
4747.4
 20
8425.7
 10
4761.5
 20
8416.3
 10
4775.8
 20
8408.1
 10
4775.8
 20
8408.1
 10
4787.7
 20
8402.3
 10
4800.0
 20
8397.4
 10
4812.6
 20
8393.3
 10
4825.5
 20
8390.1
 10
4838.6
 20
8387.9
 10
4851.7
 20
8386.5
 10
4861.9
 20
8386.1
  0
LWPOLYLINE
  5
1EE
330
17
100
AcDbEntity
  8
05設備機器
100
AcDbPolyline
 90
112
 70
0
 10
4855.9
 20
8362.0
 10
4870.5
 20
8362.1
 10
4885.2
 20
8363.1
 10
4899.7
 20
8365.2
 10
4914.0
 20
8368.3
 10
4928.0
 20
8372.4
 10
4941.8
 20
8377.4
 10
4951.3
 20
8381.6
 10
4951.3
 20
8381.6
 10
4967.8
 20
8389.9
 10
4983.6
 20
8399.4
 10
4998.7
 20
8410.0
 10
5013.1
 20
8421.6
 10
5026.6
 20
8434.2
 10
5038.7
 20
8447.2
 10
5038.7
 20
8447.2
 10
5052.6
 20
8464.3
 10
5065.2
 20
8482.2
 10
5076.6
 20
8501.0
 10
5086.6
 20
8520.5
 10
5095.2
 20
8540.7
 10
5096.4
 20
8543.7
 10
5096.4
 20
8543.7
 10
5104.8
 20
8568.7
 10
5111.4
 20
8594.3
 10
5116.3
 20
8620.3
 10
5119.3
 20
8646.5
 10
5120.3
 20
8664.6
 10
5120.3
 20
8664.6
 10
5120.2
 20
8691.0
 10
5118.3
 20
8717.4
 10
5114.6
 20
8743.5
 10
5109.0
 20
8769.4
 10
5104.2
 20
8786.8
 10
5104.2
 20
8786.8
 10
5097.1
 20
8807.5
 10
5088.5
 20
8827.7
 10
5078.6
 20
8847.3
 10
5067.3
 20
8866.2
 10
5054.8
 20
8884.2
 10
5052.9
 20
8886.7
 10
5052.9
 20
8886.7
 10
5041.1
 20
8900.9
 10
5028.4
 20
8914.3
 10
5014.8
 20
8926.8
 10
5000.4
 20
8938.3
 10
4985.2
 20
8948.8
 10
4969.9
 20
8957.9
 10
4969.9
 20
8957.9
 10
4956.8
 20
8964.4
 10
4943.3
 20
8970.1
 10
4929.4
 20
8974.8
 10
4915.2
 20
8978.5
 10
4900.8
 20
8981.2
 10
4886.3
 20
8982.9
 10
4875.9
 20
8983.5
 10
4875.9
 20
8983.5
 10
4861.3
 20
8983.5
 10
4846.7
 20
8982.4
 10
4832.2
 20
8980.3
 10
4817.9
 20
8977.2
 10
4803.8
 20
8973.2
 10
4790.0
 20
8968.1
 10
4780.5
 20
8964.0
 10
4780.5
 20
8964.0
 10
4764.1
 20
8955.6
 10
4748.2
 20
8946.1
 10
4733.1
 20
8935.5
 10
4718.8
 20
8923.9
 10
4705.3
 20
8911.3
 10
4693.1
 20
8898.3
 10
4693.1
 20
8898.3
 10
4679.2
 20
8881.3
 10
4666.6
 20
8863.3
 10
4655.2
 20
8844.5
 10
4645.2
 20
8825.0
 10
4636.6
 20
8804.8
 10
4635.5
 20
8801.9
 10
4635.5
 20
8801.9
 10
4627.1
 20
8776.8
 10
4620.4
 20
8751.2
 10
4615.6
 20
8725.2
 10
4612.5
 20
8699.0
 10
4611.5
 20
8681.0
 10
4611.5
 20
8681.0
 10
4611.6
 20
8654.5
 10
4613.5
 20
8628.2
 10
4617.2
 20
8602.0
 10
4622.8
 20
8576.2
 10
4627.6
 20
8558.8
 10
4627.6
 20
8558.8
 10
4634.7
 20
8538.0
 10
4643.3
 20
8517.8
 10
4653.2
 20
8498.2
 10
4664.5
 20
8479.3
 10
4677.0
 20
8461.3
 10
4678.9
 20
8458.8
 10
4678.9
 20
8458.8
 10
4690.7
 20
8444.6
 10
4703.4
 20
8431.2
 10
4717.0
 20
8418.7
 10
4731.4
 20
8407.2
 10
4746.6
 20
8396.7
 10
4762.0
 20
8387.7
 10
4762.0
 20
8387.7
 10
4775.0
 20
8381.1
 10
4788.6
 20
8375.4
 10
4802.4
 20
8370.7
 10
4816.6
 20
8367.0
 10
4831.0
 20
8364.3
 10
4845.5
 20
8362.6
 10
4855.9
 20
8362.0
  0
LWPOLYLINE
  5
1EF
330
17
100
AcDbEntity
  8
05設備機器
100
AcDbPolyline
 90
112
 70
0
 10
4863.8
 20
8484.3
 10
4872.6
 20
8484.5
 10
4881.3
 20
8485.3
 10
4890.0
 20
8486.7
 10
4898.5
 20
8488.8
 10
4906.9
 20
8491.4
 10
4915.0
 20
8494.6
 10
4921.0
 20
8497.3
 10
4921.0
 20
8497.3
 10
4930.8
 20
8502.6
 10
4940.2
 20
8508.6
 10
4949.2
 20
8515.2
 10
4957.7
 20
8522.4
 10
4965.6
 20
8530.2
 10
4972.8
 20
8538.3
 10
4972.8
 20
8538.3
 10
4981.0
 20
8548.8
 10
4988.4
 20
8559.9
 10
4995.0
 20
8571.4
 10
5000.8
 20
8583.4
 10
5005.8
 20
8595.8
 10
5006.3
 20
8597.4
 10
5006.3
 20
8597.4
 10
5011.1
 20
8612.8
 10
5014.8
 20
8628.5
 10
5017.4
 20
8644.4
 10
5018.9
 20
8660.5
 10
5019.2
 20
8671.0
 10
5019.2
 20
8671.0
 10
5018.9
 20
8687.2
 10
5017.4
 20
8703.2
 10
5014.7
 20
8719.1
 10
5011.0
 20
8734.8
 10
5008.0
 20
8744.9
 10
5008.0
 20
8744.9
 10
5003.4
 20
8757.5
 10
4998.0
 20
8769.6
 10
4991.8
 20
8781.4
 10
4984.7
 20
8792.7
 10
4976.9
 20
8803.5
 10
4975.8
 20
8804.8
 10
4975.8
 20
8804.8
 10
4968.6
 20
8813.3
 10
4960.8
 20
8821.2
 10
4952.4
 20
8828.6
 10
4943.6
 20
8835.4
 10
4934.3
 20
8841.6
 10
4924.9
 20
8846.9
 10
4924.9
 20
8846.9
 10
4917.0
 20
8850.7
 10
4908.8
 20
8853.9
 10
4900.5
 20
8856.6
 10
4891.9
 20
8858.7
 10
4883.3
 20
8860.1
 10
4874.6
 20
8861.0
 10
4868.0
 20
8861.2
 10
4868.0
 20
8861.2
 10
4859.3
 20
8861.0
 10
4850.5
 20
8860.2
 10
4841.9
 20
8858.8
 10
4833.3
 20
8856.8
 10
4825.0
 20
8854.1
 10
4816.8
 20
8850.9
 10
4810.9
 20
8848.2
 10
4810.9
 20
8848.2
 10
4801.1
 20
8842.9
 10
4791.6
 20
8836.9
 10
4782.7
 20
8830.3
 10
4774.2
 20
8823.1
 10
4766.2
 20
8815.3
 10
4759.0
 20
8807.2
 10
4759.0
 20
8807.2
 10
4750.8
 20
8796.7
 10
4743.4
 20
8785.6
 10
4736.8
 20
8774.1
 10
4731.0
 20
8762.1
 10
4726.1
 20
8749.7
 10
4725.5
 20
8748.1
 10
4725.5
 20
8748.1
 10
4720.7
 20
8732.7
 10
4717.0
 20
8717.0
 10
4714.4
 20
8701.1
 10
4712.9
 20
8685.0
 10
4712.6
 20
8674.5
 10
4712.6
 20
8674.5
 10
4713.0
 20
8658.4
 10
4714.5
 20
8642.3
 10
4717.1
 20
8626.4
 10
4720.8
 20
8610.7
 10
4723.8
 20
8600.6
 10
4723.8
 20
8600.6
 10
4728.4
 20
8588.0
 10
4733.8
 20
8575.9
 10
4740.1
 20
8564.1
 10
4747.1
 20
8552.8
 10
4755.0
 20
8542.0
 10
4756.0
 20
8540.7
 10
4756.0
 20
8540.7
 10
4763.2
 20
8532.2
 10
4771.0
 20
8524.3
 10
4779.4
 20
8516.9
 10
4788.2
 20
8510.1
 10
4797.5
 20
8503.9
 10
4807.0
 20
8498.6
 10
4807.0
 20
8498.6
 10
4814.9
 20
8494.8
 10
4823.0
 20
8491.6
 10
4831.4
 20
8488.9
 10
4839.9
 20
8486.8
 10
4848.5
 20
8485.4
 10
4857.3
 20
8484.5
 10
4863.8
 20
8484.3
  0
LWPOLYLINE
  5
1F0
330
17
100
AcDbEntity
  8
05設備機器
100
AcDbPolyline
 90
2
 70
0
 10
5265.4
 20
9071.5
 10
4715.4
 20
9071.5
  0
LWPOLYLINE
  5
1F1
330
17
100
AcDbEntity
  8
05設備機器
100
AcDbPolyline
 90
2
 70
0
 10
4715.4
 20
9071.5
 10
4715.4
 20
8920.9
  0
LWPOLYLINE
  5
1F2
330
17
100
AcDbEntity
  8
05設備機器
100
AcDbPolyline
 90
2
 70
0
 10
4715.4
 20
8420.0
 10
4715.4
 20
8241.6
  0
LWPOLYLINE
  5
1F3
330
17
100
AcDbEntity
  8
05設備機器
100
AcDbPolyline
 90
2
 70
0
 10
2273.9
 20
6434.8
 10
2273.9
 20
7193.0
  0
LWPOLYLINE
  5
1F4
330
17
100
AcDbEntity
  8
05設備機器
100
AcDbPolyline
 90
2
 70
0
 10
2220.8
 20
5921.4
 10
2220.8
 20
5422.6
  0
LWPOLYLINE
  5
1F5
330
17
100
AcDbEntity
  8
05設備機器
100
AcDbPolyline
 90
2
 70
0
 10
1870.8
 20
5922.9
 10
1870.8
 20
5423.8
  0
LWPOLYLINE
  5
1F6
330
17
100
AcDbEntity
  8
05設備機器
100
AcDbPolyline
 90
2
 70
0
 10
1870.5
 20
5422.7
 10
2220.8
 20
5422.7
  0
LWPOLYLINE
  5
1F7
330
17
100
AcDbEntity
  8
05設備機器
100
AcDbPolyline
 90
2
 70
0
 10
1873.1
 20
5922.7
 10
2220.5
 20
5922.7
  0
LWPOLYLINE
  5
1F8
330
17
100
AcDbEntity
  8
05設備機器
100
AcDbPolyline
 90
2
 70
0
 10
1773.3
 20
5972.7
 10
2273.8
 20
5972.7
  0
LWPOLYLINE
  5
1F9
330
17
100
AcDbEntity
  8
05設備機器
100
AcDbPolyline
 90
2
 70
0
 10
1775.1
 20
6434.8
 10
2273.9
 20
6434.8
  0
LWPOLYLINE
  5
1FA
330
17
100
AcDbEntity
  8
05設備機器
100
AcDbPolyline
 90
2
 70
0
 10
1775.1
 20
5375.0
 10
2273.8
 20
5375.0
  0
LWPOLYLINE
  5
1FB
330
17
100
AcDbEntity
  8
05設備機器
100
AcDbPolyline
 90
2
 70
0
 10
2273.8
 20
6434.9
 10
2273.8
 20
5375.0
  0
LWPOLYLINE
  5
1FC
330
17
100
AcDbEntity
  8
05設備機器
100
AcDbPolyline
 90
90
 70
0
 10
2197.0
 20
7014.3
 10
2196.7
 20
7021.3
 10
2196.0
 20
7028.2
 10
2194.8
 20
7035.1
 10
2193.1
 20
7041.8
 10
2190.9
 20
7048.5
 10
2188.3
 20
7055.0
 10
2185.2
 20
7061.2
 10
2181.8
 20
7067.3
 10
2177.9
 20
7073.1
 10
2173.6
 20
7078.6
 10
2168.9
 20
7083.7
 10
2163.9
 20
7088.6
 10
2158.5
 20
7093.1
 10
2152.9
 20
7097.2
 10
2147.0
 20
7100.9
 10
2140.8
 20
7104.2
 10
2134.4
 20
7107.0
 10
2127.9
 20
7109.4
 10
2121.1
 20
7111.3
 10
2114.3
 20
7112.8
 10
2107.4
 20
7113.7
 10
2100.4
 20
7114.2
 10
2093.5
 20
7114.2
 10
2086.5
 20
7113.7
 10
2079.6
 20
7112.8
 10
2072.8
 20
7111.3
 10
2066.0
 20
7109.4
 10
2059.5
 20
7107.0
 10
2053.1
 20
7104.2
 10
2047.0
 20
7100.9
 10
2041.0
 20
7097.2
 10
2035.4
 20
7093.1
 10
2030.0
 20
7088.6
 10
2025.0
 20
7083.7
 10
2020.3
 20
7078.6
 10
2016.0
 20
7073.1
 10
2012.1
 20
7067.3
 10
2008.7
 20
7061.2
 10
2005.6
 20
7055.0
 10
2003.0
 20
7048.5
 10
2000.8
 20
7041.8
 10
1999.1
 20
7035.1
 10
1997.9
 20
7028.2
 10
1997.2
 20
7021.3
 10
1997.0
 20
7014.3
 10
1997.2
 20
7007.3
 10
1997.9
 20
7000.4
 10
1999.1
 20
6993.5
 10
2000.8
 20
6986.7
 10
2003.0
 20
6980.1
 10
2005.6
 20
6973.6
 10
2008.7
 20
6967.3
 10
2012.1
 20
6961.3
 10
2016.0
 20
6955.5
 10
2020.3
 20
6950.0
 10
2025.0
 20
6944.8
 10
2030.0
 20
6940.0
 10
2035.4
 20
6935.5
 10
2041.0
 20
6931.4
 10
2047.0
 20
6927.7
 10
2053.1
 20
6924.4
 10
2059.5
 20
6921.6
 10
2066.0
 20
6919.2
 10
2072.8
 20
6917.2
 10
2079.6
 20
6915.8
 10
2086.5
 20
6914.8
 10
2093.5
 20
6914.3
 10
2100.4
 20
6914.3
 10
2107.4
 20
6914.8
 10
2114.3
 20
6915.8
 10
2121.1
 20
6917.2
 10
2127.9
 20
6919.2
 10
2134.4
 20
6921.6
 10
2140.8
 20
6924.4
 10
2147.0
 20
6927.7
 10
2152.9
 20
6931.4
 10
2158.5
 20
6935.5
 10
2163.9
 20
6940.0
 10
2168.9
 20
6944.8
 10
2173.6
 20
6950.0
 10
2177.9
 20
6955.5
 10
2181.8
 20
6961.3
 10
2185.2
 20
6967.3
 10
2188.3
 20
6973.6
 10
2190.9
 20
6980.1
 10
2193.1
 20
6986.7
 10
2194.8
 20
6993.5
 10
2196.0
 20
7000.4
 10
2197.0
 20
7014.3
  0
LWPOLYLINE
  5
1FD
330
17
100
AcDbEntity
  8
05設備機器
100
AcDbPolyline
 90
90
 70
0
 10
2197.0
 20
6605.1
 10
2196.7
 20
6612.1
 10
2196.0
 20
6619.1
 10
2194.8
 20
6625.9
 10
2193.1
 20
6632.7
 10
2190.9
 20
6639.3
 10
2188.3
 20
6645.8
 10
2185.2
 20
6652.1
 10
2181.8
 20
6658.1
 10
2177.9
 20
6663.9
 10
2173.6
 20
6669.4
 10
2168.9
 20
6674.6
 10
2163.9
 20
6679.5
 10
2158.5
 20
6683.9
 10
2152.9
 20
6688.0
 10
2147.0
 20
6691.7
 10
2140.8
 20
6695.0
 10
2134.4
 20
6697.9
 10
2127.9
 20
6700.2
 10
2121.1
 20
6702.2
 10
2114.3
 20
6703.6
 10
2107.4
 20
6704.6
 10
2100.4
 20
6705.1
 10
2093.5
 20
6705.1
 10
2086.5
 20
6704.6
 10
2079.6
 20
6703.6
 10
2072.8
 20
6702.2
 10
2066.0
 20
6700.2
 10
2059.5
 20
6697.9
 10
2053.1
 20
6695.0
 10
2047.0
 20
6691.7
 10
2041.0
 20
6688.0
 10
2035.4
 20
6683.9
 10
2030.0
 20
6679.5
 10
2025.0
 20
6674.6
 10
2020.3
 20
6669.4
 10
2016.0
 20
6663.9
 10
2012.1
 20
6658.1
 10
2008.7
 20
6652.1
 10
2005.6
 20
6645.8
 10
2003.0
 20
6639.3
 10
2000.8
 20
6632.7
 10
1999.1
 20
6625.9
 10
1997.9
 20
6619.1
 10
1997.2
 20
6612.1
 10
1997.0
 20
6605.1
 10
1997.2
 20
6598.2
 10
1997.9
 20
6591.2
 10
1999.1
 20
6584.4
 10
2000.8
 20
6577.6
 10
2003.0
 20
6570.9
 10
2005.6
 20
6564.5
 10
2008.7
 20
6558.2
 10
2012.1
 20
6552.2
 10
2016.0
 20
6546.4
 10
2020.3
 20
6540.9
 10
2025.0
 20
6535.7
 10
2030.0
 20
6530.8
 10
2035.4
 20
6526.3
 10
2041.0
 20
6522.2
 10
2047.0
 20
6518.5
 10
2053.1
 20
6515.3
 10
2059.5
 20
6512.4
 10
2066.0
 20
6510.0
 10
2072.8
 20
6508.1
 10
2079.6
 20
6506.7
 10
2086.5
 20
6505.7
 10
2093.5
 20
6505.2
 10
2100.4
 20
6505.2
 10
2107.4
 20
6505.7
 10
2114.3
 20
6506.7
 10
2121.1
 20
6508.1
 10
2127.9
 20
6510.0
 10
2134.4
 20
6512.4
 10
2140.8
 20
6515.3
 10
2147.0
 20
6518.5
 10
2152.9
 20
6522.2
 10
2158.5
 20
6526.3
 10
2163.9
 20
6530.8
 10
2168.9
 20
6535.7
 10
2173.6
 20
6540.9
 10
2177.9
 20
6546.4
 10
2181.8
 20
6552.2
 10
2185.2
 20
6558.2
 10
2188.3
 20
6564.5
 10
2190.9
 20
6570.9
 10
2193.1
 20
6577.6
 10
2194.8
 20
6584.4
 10
2196.0
 20
6591.2
 10
2197.0
 20
6605.1
  0
LWPOLYLINE
  5
1FE
330
17
100
AcDbEntity
  8
05設備機器
100
AcDbPolyline
 90
90
 70
0
 10
1968.5
 20
6831.1
 10
1968.3
 20
6836.4
 10
1967.7
 20
6841.6
 10
1966.8
 20
6846.7
 10
1965.5
 20
6851.8
 10
1963.9
 20
6856.8
 10
1962.0
 20
6861.6
 10
1959.7
 20
6866.3
 10
1957.1
 20
6870.9
 10
1954.1
 20
6875.2
 10
1950.9
 20
6879.3
 10
1947.4
 20
6883.2
 10
1943.6
 20
6886.9
 10
1939.6
 20
6890.2
 10
1935.4
 20
6893.3
 10
1931.0
 20
6896.1
 10
1926.3
 20
6898.5
 10
1921.5
 20
6900.7
 10
1916.6
 20
6902.5
 10
1911.6
 20
6903.9
 10
1906.5
 20
6905.0
 10
1901.3
 20
6905.7
 10
1896.1
 20
6906.1
 10
1890.8
 20
6906.1
 10
1885.6
 20
6905.7
 10
1880.4
 20
6905.0
 10
1875.3
 20
6903.9
 10
1870.3
 20
6902.5
 10
1865.4
 20
6900.7
 10
1860.6
 20
6898.5
 10
1856.0
 20
6896.1
 10
1851.5
 20
6893.3
 10
1847.3
 20
6890.2
 10
1843.3
 20
6886.9
 10
1839.5
 20
6883.2
 10
1836.0
 20
6879.3
 10
1832.8
 20
6875.2
 10
1829.8
 20
6870.9
 10
1827.2
 20
6866.3
 10
1824.9
 20
6861.6
 10
1823.0
 20
6856.8
 10
1821.4
 20
6851.8
 10
1820.1
 20
6846.7
 10
1819.2
 20
6841.6
 10
1818.6
 20
6836.4
 10
1818.5
 20
6831.1
 10
1818.6
 20
6825.9
 10
1819.2
 20
6820.7
 10
1820.1
 20
6815.5
 10
1821.4
 20
6810.5
 10
1823.0
 20
6805.5
 10
1824.9
 20
6800.6
 10
1827.2
 20
6795.9
 10
1829.8
 20
6791.4
 10
1832.8
 20
6787.0
 10
1836.0
 20
6782.9
 10
1839.5
 20
6779.0
 10
1843.3
 20
6775.4
 10
1847.3
 20
6772.0
 10
1851.5
 20
6768.9
 10
1856.0
 20
6766.2
 10
1860.6
 20
6763.7
 10
1865.4
 20
6761.6
 10
1870.3
 20
6759.8
 10
1875.3
 20
6758.4
 10
1880.4
 20
6757.3
 10
1885.6
 20
6756.5
 10
1890.8
 20
6756.2
 10
1896.1
 20
6756.2
 10
1901.3
 20
6756.5
 10
1906.5
 20
6757.3
 10
1911.6
 20
6758.4
 10
1916.6
 20
6759.8
 10
1921.5
 20
6761.6
 10
1926.3
 20
6763.7
 10
1931.0
 20
6766.2
 10
1935.4
 20
6768.9
 10
1939.6
 20
6772.0
 10
1943.6
 20
6775.4
 10
1947.4
 20
6779.0
 10
1950.9
 20
6782.9
 10
1954.1
 20
6787.0
 10
1957.1
 20
6791.4
 10
1959.7
 20
6795.9
 10
1962.0
 20
6800.6
 10
1963.9
 20
6805.5
 10
1965.5
 20
6810.5
 10
1966.8
 20
6815.5
 10
1967.7
 20
6820.7
 10
1968.5
 20
6831.1
  0
LWPOLYLINE
  5
1FF
330
17
100
AcDbEntity
  8
05設備機器
100
AcDbPolyline
 90
2
 70
0
 10
5264.0
 20
9912.2
 10
4664.0
 20
9912.2
  0
LWPOLYLINE
  5
200
330
17
100
AcDbEntity
  8
05設備機器
100
AcDbPolyline
 90
2
 70
0
 10
4664.0
 20
9912.2
 10
4664.0
 20
9212.2
  0
LWPOLYLINE
  5
201
330
17
100
AcDbEntity
  8
05設備機器
100
AcDbPolyline
 90
2
 70
0
 10
4664.0
 20
9212.2
 10
5264.0
 20
9212.2
  0
LWPOLYLINE
  5
202
330
17
100
AcDbEntity
  8
05設備機器
100
AcDbPolyline
 90
2
 70
0
 10
5264.0
 20
9212.2
 10
5264.0
 20
9912.1
  0
LWPOLYLINE
  5
203
330
17
100
AcDbEntity
  8
05設備機器
100
AcDbPolyline
 90
2
 70
0
 10
4714.6
 20
8243.7
 10
5264.8
 20
8243.7
  0
LWPOLYLINE
  5
204
330
17
100
AcDbEntity
  8
05設備機器
100
AcDbPolyline
 90
45
 70
0
 10
3026.4
 20
8087.2
 10
3049.1
 20
8086.4
 10
3071.7
 20
8084.0
 10
3094.0
 20
8080.1
 10
3116.0
 20
8074.6
 10
3137.6
 20
8067.6
 10
3158.6
 20
8059.1
 10
3179.0
 20
8049.1
 10
3198.7
 20
8037.8
 10
3217.5
 20
8025.1
 10
3235.4
 20
8011.1
 10
3252.2
 20
7995.9
 10
3268.0
 20
7979.6
 10
3282.6
 20
7962.2
 10
3295.9
 20
7943.9
 10
3307.9
 20
7924.6
 10
3318.6
 20
7904.6
 10
3327.8
 20
7883.9
 10
3335.6
 20
7862.6
 10
3341.8
 20
7840.8
 10
3346.5
 20
7818.6
 10
3349.7
 20
7796.1
 10
3351.3
 20
7773.5
 10
3351.3
 20
7750.8
 10
3349.7
 20
7728.2
 10
3346.5
 20
7705.7
 10
3341.8
 20
7683.5
 10
3335.6
 20
7661.7
 10
3327.8
 20
7640.4
 10
3318.6
 20
7619.6
 10
3307.9
 20
7599.6
 10
3295.9
 20
7580.4
 10
3282.6
 20
7562.0
 10
3268.0
 20
7544.6
 10
3252.2
 20
7528.3
 10
3235.4
 20
7513.1
 10
3217.5
 20
7499.2
 10
3198.7
 20
7486.5
 10
3179.0
 20
7475.1
 10
3158.6
 20
7465.2
 10
3137.6
 20
7456.7
 10
3116.0
 20
7449.7
 10
3094.0
 20
7444.2
 10
3071.7
 20
7440.3
 10
3026.4
 20
7437.1
  0
LWPOLYLINE
  5
205
330
17
100
AcDbEntity
  8
05設備機器
100
AcDbPolyline
 90
2
 70
0
 10
1994.5
 20
7785.3
 10
1994.5
 20
7738.9
  0
LWPOLYLINE
  5
206
330
17
100
AcDbEntity
  8
05設備機器
100
AcDbPolyline
 90
2
 70
0
 10
1971.3
 20
7762.1
 10
2017.7
 20
7762.1
  0
LWPOLYLINE
  5
207
330
17
100
AcDbEntity
  8
05設備機器
100
AcDbPolyline
 90
90
 70
0
 10
2017.7
 20
7762.1
 10
2017.7
 20
7763.7
 10
2017.5
 20
7765.4
 10
2017.2
 20
7767.0
 10
2016.8
 20
7768.5
 10
2016.3
 20
7770.1
 10
2015.7
 20
7771.6
 10
2015.0
 20
7773.0
 10
2014.2
 20
7774.4
 10
2013.3
 20
7775.8
 10
2012.3
 20
7777.1
 10
2011.2
 20
7778.3
 10
2010.1
 20
7779.4
 10
2008.8
 20
7780.4
 10
2007.5
 20
7781.4
 10
2006.1
 20
7782.2
 10
2004.7
 20
7783.0
 10
2003.2
 20
7783.7
 10
2001.7
 20
7784.2
 10
2000.1
 20
7784.7
 10
1998.6
 20
7785.0
 10
1997.0
 20
7785.2
 10
1995.3
 20
7785.3
 10
1993.7
 20
7785.3
 10
1992.1
 20
7785.2
 10
1990.5
 20
7785.0
 10
1988.9
 20
7784.7
 10
1987.4
 20
7784.2
 10
1985.8
 20
7783.7
 10
1984.4
 20
7783.0
 10
1982.9
 20
7782.2
 10
1981.5
 20
7781.4
 10
1980.2
 20
7780.4
 10
1979.0
 20
7779.4
 10
1977.8
 20
7778.3
 10
1976.7
 20
7777.1
 10
1975.7
 20
7775.8
 10
1974.8
 20
7774.4
 10
1974.0
 20
7773.0
 10
1973.3
 20
7771.6
 10
1972.7
 20
7770.1
 10
1972.2
 20
7768.5
 10
1971.8
 20
7767.0
 10
1971.5
 20
7765.4
 10
1971.4
 20
7763.7
 10
1971.3
 20
7762.1
 10
1971.4
 20
7760.5
 10
1971.5
 20
7758.9
 10
1971.8
 20
7757.3
 10
1972.2
 20
7755.7
 10
1972.7
 20
7754.2
 10
1973.3
 20
7752.7
 10
1974.0
 20
7751.2
 10
1974.8
 20
7749.8
 10
1975.7
 20
7748.5
 10
1976.7
 20
7747.2
 10
1977.8
 20
7746.0
 10
1979.0
 20
7744.9
 10
1980.2
 20
7743.8
 10
1981.5
 20
7742.9
 10
1982.9
 20
7742.0
 10
1984.4
 20
7741.3
 10
1985.8
 20
7740.6
 10
1987.4
 20
7740.0
 10
1988.9
 20
7739.6
 10
1990.5
 20
7739.3
 10
1992.1
 20
7739.0
 10
1993.7
 20
7738.9
 10
1995.3
 20
7738.9
 10
1997.0
 20
7739.0
 10
1998.6
 20
7739.3
 10
2000.1
 20
7739.6
 10
2001.7
 20
7740.0
 10
2003.2
 20
7740.6
 10
2004.7
 20
7741.3
 10
2006.1
 20
7742.0
 10
2007.5
 20
7742.9
 10
2008.8
 20
7743.8
 10
2010.1
 20
7744.9
 10
2011.2
 20
7746.0
 10
2012.3
 20
7747.2
 10
2013.3
 20
7748.5
 10
2014.2
 20
7749.8
 10
2015.0
 20
7751.2
 10
2015.7
 20
7752.7
 10
2016.3
 20
7754.2
 10
2016.8
 20
7755.7
 10
2017.2
 20
7757.3
 10
2017.5
 20
7758.9
 10
2017.7
 20
7762.1
  0
LWPOLYLINE
  5
208
330
17
100
AcDbEntity
  8
05設備機器
100
AcDbPolyline
 90
28
 70
0
 10
1924.9
 20
8087.2
 10
1922.0
 20
8087.5
 10
1919.2
 20
8087.6
 10
1916.3
 20
8087.5
 10
1913.5
 20
8087.2
 10
1910.6
 20
8086.7
 10
1907.9
 20
8086.0
 10
1905.1
 20
8085.1
 10
1902.5
 20
8084.1
 10
1899.9
 20
8082.8
 10
1897.4
 20
8081.4
 10
1895.0
 20
8079.8
 10
1892.8
 20
8078.0
 10
1890.6
 20
8076.1
 10
1888.6
 20
8074.1
 10
1886.8
 20
8071.9
 10
1885.1
 20
8069.6
 10
1883.6
 20
8067.1
 10
1882.2
 20
8064.6
 10
1881.1
 20
8062.0
 10
1880.1
 20
8059.3
 10
1879.3
 20
8056.5
 10
1878.7
 20
8053.7
 10
1878.3
 20
8050.9
 10
1878.1
 20
8048.0
 10
1878.1
 20
8045.2
 10
1878.3
 20
8042.3
 10
1878.5
 20
8040.7
  0
LWPOLYLINE
  5
209
330
17
100
AcDbEntity
  8
05設備機器
100
AcDbPolyline
 90
90
 70
0
 10
2029.4
 20
7762.1
 10
2029.3
 20
7764.6
 10
2029.0
 20
7767.0
 10
2028.6
 20
7769.4
 10
2028.0
 20
7771.7
 10
2027.3
 20
7774.0
 10
2026.3
 20
7776.3
 10
2025.3
 20
7778.5
 10
2024.1
 20
7780.6
 10
2022.7
 20
7782.6
 10
2021.2
 20
7784.5
 10
2019.6
 20
7786.3
 10
2017.8
 20
7788.0
 10
2016.0
 20
7789.6
 10
2014.0
 20
7791.0
 10
2011.9
 20
7792.3
 10
2009.8
 20
7793.4
 10
2007.6
 20
7794.4
 10
2005.3
 20
7795.2
 10
2003.0
 20
7795.9
 10
2000.6
 20
7796.4
 10
1998.2
 20
7796.8
 10
1995.7
 20
7796.9
 10
1993.3
 20
7796.9
 10
1990.9
 20
7796.8
 10
1988.5
 20
7796.4
 10
1986.1
 20
7795.9
 10
1983.8
 20
7795.2
 10
1981.5
 20
7794.4
 10
1979.3
 20
7793.4
 10
1977.1
 20
7792.3
 10
1975.1
 20
7791.0
 10
1973.1
 20
7789.6
 10
1971.2
 20
7788.0
 10
1969.5
 20
7786.3
 10
1967.9
 20
7784.5
 10
1966.4
 20
7782.6
 10
1965.0
 20
7780.6
 10
1963.8
 20
7778.5
 10
1962.7
 20
7776.3
 10
1961.8
 20
7774.0
 10
1961.1
 20
7771.7
 10
1960.5
 20
7769.4
 10
1960.0
 20
7767.0
 10
1959.8
 20
7764.6
 10
1959.7
 20
7762.1
 10
1959.8
 20
7759.7
 10
1960.0
 20
7757.3
 10
1960.5
 20
7754.9
 10
1961.1
 20
7752.5
 10
1961.8
 20
7750.2
 10
1962.7
 20
7748.0
 10
1963.8
 20
7745.8
 10
1965.0
 20
7743.7
 10
1966.4
 20
7741.7
 10
1967.9
 20
7739.7
 10
1969.5
 20
7737.9
 10
1971.2
 20
7736.2
 10
1973.1
 20
7734.7
 10
1975.1
 20
7733.3
 10
1977.1
 20
7732.0
 10
1979.3
 20
7730.8
 10
1981.5
 20
7729.8
 10
1983.8
 20
7729.0
 10
1986.1
 20
7728.3
 10
1988.5
 20
7727.8
 10
1990.9
 20
7727.5
 10
1993.3
 20
7727.3
 10
1995.7
 20
7727.3
 10
1998.2
 20
7727.5
 10
2000.6
 20
7727.8
 10
2003.0
 20
7728.3
 10
2005.3
 20
7729.0
 10
2007.6
 20
7729.8
 10
2009.8
 20
7730.8
 10
2011.9
 20
7732.0
 10
2014.0
 20
7733.3
 10
2016.0
 20
7734.7
 10
2017.8
 20
7736.2
 10
2019.6
 20
7737.9
 10
2021.2
 20
7739.7
 10
2022.7
 20
7741.7
 10
2024.1
 20
7743.7
 10
2025.3
 20
7745.8
 10
2026.3
 20
7748.0
 10
2027.3
 20
7750.2
 10
2028.0
 20
7752.5
 10
2028.6
 20
7754.9
 10
2029.0
 20
7757.3
 10
2029.4
 20
7762.1
  0
LWPOLYLINE
  5
20A
330
17
100
AcDbEntity
  8
05設備機器
100
AcDbPolyline
 90
28
 70
0
 10
1878.5
 20
7483.5
 10
1878.1
 20
7480.7
 10
1878.0
 20
7477.8
 10
1878.1
 20
7475.0
 10
1878.4
 20
7472.1
 10
1878.9
 20
7469.3
 10
1879.6
 20
7466.5
 10
1880.5
 20
7463.8
 10
1881.5
 20
7461.1
 10
1882.8
 20
7458.5
 10
1884.2
 20
7456.1
 10
1885.8
 20
7453.7
 10
1887.6
 20
7451.4
 10
1889.5
 20
7449.3
 10
1891.5
 20
7447.3
 10
1893.7
 20
7445.4
 10
1896.1
 20
7443.8
 10
1898.5
 20
7442.2
 10
1901.0
 20
7440.9
 10
1903.6
 20
7439.7
 10
1906.3
 20
7438.7
 10
1909.1
 20
7437.9
 10
1911.9
 20
7437.3
 10
1914.7
 20
7436.9
 10
1917.6
 20
7436.7
 10
1920.4
 20
7436.7
 10
1923.3
 20
7436.9
 10
1924.9
 20
7437.1
  0
LWPOLYLINE
  5
20B
330
17
100
AcDbEntity
  8
05設備機器
100
AcDbPolyline
 90
2
 70
0
 10
1878.5
 20
7483.5
 10
1878.5
 20
8040.7
  0
LWPOLYLINE
  5
20C
330
17
100
AcDbEntity
  8
05設備機器
100
AcDbPolyline
 90
2
 70
0
 10
1922.8
 20
8087.2
 10
3026.4
 20
8087.2
  0
LWPOLYLINE
  5
20D
330
17
100
AcDbEntity
  8
05設備機器
100
AcDbPolyline
 90
2
 70
0
 10
3026.4
 20
7437.1
 10
1920.0
 20
7437.1
  0
LWPOLYLINE
  5
20E
330
17
100
AcDbEntity
  8
05設備機器
100
AcDbPolyline
 90
2
 70
0
 10
1772.7
 20
7344.2
 10
1772.7
 20
8180.0
  0
LWPOLYLINE
  5
20F
330
17
100
AcDbEntity
  8
05設備機器
100
AcDbPolyline
 90
2
 70
0
 10
1772.6
 20
8180.0
 10
3444.3
 20
8180.0
  0
LWPOLYLINE
  5
210
330
17
100
AcDbEntity
  8
05設備機器
100
AcDbPolyline
 90
2
 70
0
 10
3444.3
 20
8180.0
 10
3444.3
 20
7344.2
  0
LWPOLYLINE
  5
211
330
17
100
AcDbEntity
  8
05設備機器
100
AcDbPolyline
 90
2
 70
0
 10
3444.3
 20
7344.2
 10
1775.4
 20
7344.2
  0
LWPOLYLINE
  5
212
330
17
100
AcDbEntity
  8
07家具
100
AcDbPolyline
 90
2
 70
0
 10
5195.4
 20
4654.4
 10
5195.4
 20
6483.2
  0
LWPOLYLINE
  5
213
330
17
100
AcDbEntity
  8
07家具
100
AcDbPolyline
 90
73
 70
0
 10
5119.2
 20
6483.2
 10
5118.6
 20
6360.7
 10
5117.0
 20
6249.7
 10
5114.5
 20
6149.3
 10
5111.2
 20
6058.4
 10
5107.4
 20
5976.1
 10
5103.1
 20
5901.4
 10
5098.5
 20
5833.4
 10
5093.8
 20
5770.9
 10
5089.0
 20
5713.3
 10
5084.4
 20
5660.3
 10
5079.9
 20
5611.9
 10
5075.8
 20
5567.9
 10
5072.0
 20
5528.3
 10
5068.8
 20
5493.1
 10
5066.1
 20
5462.2
 10
5064.1
 20
5435.5
 10
5062.9
 20
5412.9
 10
5062.5
 20
5394.1
 10
5062.7
 20
5378.6
 10
5063.6
 20
5366.1
 10
5065.1
 20
5356.2
 10
5067.1
 20
5348.5
 10
5069.6
 20
5342.6
 10
5072.6
 20
5338.1
 10
5076.0
 20
5334.6
 10
5079.6
 20
5332.0
 10
5083.6
 20
5330.3
 10
5087.7
 20
5329.4
 10
5091.9
 20
5329.1
 10
5096.1
 20
5329.5
 10
5100.3
 20
5330.4
 10
5104.3
 20
5331.7
 10
5108.2
 20
5333.5
 10
5111.9
 20
5335.5
 10
5115.5
 20
5337.7
 10
5118.9
 20
5339.9
 10
5122.2
 20
5342.1
 10
5125.5
 20
5343.9
 10
5128.7
 20
5345.5
 10
5131.9
 20
5346.6
 10
5135.0
 20
5347.1
 10
5138.1
 20
5347.0
 10
5141.2
 20
5346.3
 10
5144.0
 20
5345.0
 10
5146.7
 20
5343.1
 10
5149.1
 20
5340.6
 10
5151.3
 20
5337.5
 10
5153.0
 20
5333.9
 10
5154.4
 20
5329.6
 10
5155.4
 20
5324.5
 10
5156.0
 20
5318.6
 10
5156.2
 20
5311.6
 10
5156.0
 20
5303.5
 10
5155.4
 20
5294.0
 10
5154.4
 20
5283.0
 10
5153.0
 20
5270.4
 10
5151.2
 20
5255.9
 10
5149.1
 20
5239.4
 10
5146.6
 20
5220.4
 10
5143.8
 20
5198.8
 10
5140.6
 20
5174.1
 10
5137.3
 20
5146.1
 10
5133.6
 20
5114.4
 10
5129.7
 20
5078.8
 10
5125.7
 20
5039.0
 10
5121.4
 20
4995.1
 10
5117.1
 20
4947.2
 10
5112.5
 20
4895.6
 10
5107.9
 20
4840.3
 10
5103.3
 20
4781.6
 10
5098.5
 20
4719.6
 10
5093.8
 20
4654.4
  0
LWPOLYLINE
  5
214
330
17
100
AcDbEntity
  8
07家具
100
AcDbPolyline
 90
81
 70
0
 10
4992.2
 20
6483.2
 10
4995.8
 20
6304.8
 10
4997.4
 20
6157.4
 10
4997.2
 20
6036.8
 10
4995.6
 20
5938.8
 10
4992.9
 20
5859.4
 10
4989.5
 20
5794.3
 10
4985.6
 20
5739.4
 10
4981.6
 20
5690.5
 10
4977.7
 20
5644.2
 10
4974.0
 20
5599.9
 10
4970.5
 20
5557.6
 10
4967.0
 20
5517.3
 10
4963.7
 20
5479.2
 10
4960.4
 20
5443.3
 10
4957.2
 20
5409.7
 10
4954.1
 20
5378.3
 10
4950.9
 20
5349.3
 10
4947.8
 20
5322.6
 10
4944.9
 20
5298.2
 10
4942.2
 20
5275.9
 10
4939.7
 20
5255.7
 10
4937.7
 20
5237.5
 10
4936.1
 20
5221.3
 10
4935.0
 20
5206.9
 10
4934.5
 20
5194.2
 10
4934.6
 20
5183.2
 10
4935.2
 20
5173.7
 10
4936.3
 20
5165.6
 10
4938.0
 20
5158.6
 10
4940.1
 20
5152.7
 10
4942.6
 20
5147.6
 10
4945.6
 20
5143.4
 10
4949.0
 20
5139.7
 10
4952.7
 20
5136.6
 10
4956.7
 20
5134.2
 10
4960.9
 20
5132.5
 10
4965.4
 20
5131.5
 10
4970.0
 20
5131.2
 10
4974.7
 20
5131.6
 10
4979.5
 20
5132.8
 10
4984.2
 20
5134.7
 10
4989.0
 20
5137.3
 10
4993.8
 20
5140.4
 10
4998.5
 20
5143.9
 10
5003.3
 20
5147.5
 10
5008.0
 20
5151.2
 10
5012.8
 20
5154.8
 10
5017.6
 20
5158.2
 10
5022.3
 20
5161.1
 10
5027.1
 20
5163.6
 10
5031.7
 20
5165.6
 10
5036.3
 20
5166.9
 10
5040.9
 20
5167.5
 10
5045.2
 20
5167.4
 10
5049.5
 20
5166.4
 10
5053.5
 20
5164.5
 10
5057.4
 20
5161.7
 10
5061.0
 20
5157.9
 10
5064.1
 20
5153.3
 10
5066.8
 20
5147.9
 10
5068.8
 20
5141.8
 10
5070.2
 20
5135.1
 10
5070.8
 20
5127.8
 10
5070.5
 20
5120.1
 10
5069.2
 20
5111.9
 10
5067.0
 20
5102.9
 10
5064.0
 20
5092.9
 10
5060.3
 20
5081.3
 10
5055.9
 20
5067.9
 10
5051.0
 20
5052.4
 10
5045.6
 20
5034.2
 10
5039.8
 20
5013.2
 10
5033.7
 20
4988.8
 10
5027.0
 20
4960.2
 10
5019.8
 20
4926.7
 10
5011.6
 20
4887.4
 10
5002.4
 20
4841.3
 10
4992.0
 20
4787.7
 10
4980.2
 20
4725.7
 10
4966.8
 20
4654.4
  0
LWPOLYLINE
  5
215
330
17
100
AcDbEntity
  8
07家具
100
AcDbPolyline
 90
65
 70
0
 10
4877.9
 20
6483.2
 10
4873.7
 20
6349.0
 10
4870.5
 20
6231.0
 10
4868.2
 20
6127.5
 10
4866.5
 20
6036.9
 10
4865.3
 20
5957.5
 10
4864.5
 20
5887.6
 10
4863.8
 20
5825.6
 10
4863.0
 20
5769.9
 10
4862.2
 20
5718.9
 10
4861.1
 20
5671.9
 10
4859.9
 20
5628.3
 10
4858.5
 20
5587.6
 10
4857.1
 20
5549.2
 10
4855.6
 20
5512.4
 10
4854.0
 20
5476.8
 10
4852.5
 20
5441.8
 10
4850.9
 20
5406.9
 10
4849.4
 20
5372.4
 10
4847.9
 20
5338.4
 10
4846.6
 20
5305.3
 10
4845.6
 20
5273.4
 10
4844.7
 20
5243.0
 10
4844.2
 20
5214.3
 10
4844.0
 20
5187.8
 10
4844.2
 20
5163.6
 10
4844.8
 20
5141.6
 10
4845.8
 20
5121.8
 10
4847.2
 20
5103.9
 10
4849.0
 20
5088.0
 10
4851.1
 20
5073.8
 10
4853.7
 20
5061.3
 10
4856.7
 20
5050.2
 10
4860.1
 20
5040.6
 10
4863.7
 20
5032.1
 10
4867.7
 20
5024.6
 10
4871.8
 20
5017.9
 10
4876.0
 20
5011.9
 10
4880.2
 20
5006.2
 10
4884.4
 20
5000.7
 10
4888.4
 20
4995.2
 10
4892.3
 20
4989.5
 10
4895.9
 20
4983.6
 10
4899.2
 20
4977.3
 10
4902.2
 20
4970.6
 10
4904.8
 20
4963.4
 10
4906.9
 20
4955.6
 10
4908.5
 20
4947.2
 10
4909.6
 20
4938.0
 10
4910.1
 20
4928.1
 10
4910.0
 20
4917.5
 10
4909.4
 20
4906.2
 10
4908.3
 20
4894.4
 10
4906.7
 20
4882.0
 10
4904.6
 20
4869.3
 10
4902.0
 20
4856.2
 10
4899.0
 20
4842.8
 10
4895.6
 20
4829.1
 10
4891.8
 20
4814.2
 10
4887.3
 20
4797.5
 10
4882.1
 20
4778.0
 10
4876.1
 20
4754.8
 10
4869.3
 20
4727.0
 10
4861.4
 20
4693.8
 10
4852.5
 20
4654.4
  0
LWPOLYLINE
  5
216
330
17
100
AcDbEntity
  8
07家具
100
AcDbPolyline
 90
57
 70
0
 10
4712.8
 20
6483.2
 10
4721.4
 20
6350.9
 10
4728.5
 20
6229.7
 10
4734.0
 20
6118.8
 10
4738.3
 20
6017.3
 10
4741.4
 20
5924.4
 10
4743.6
 20
5839.4
 10
4744.9
 20
5761.3
 10
4745.6
 20
5689.5
 10
4745.7
 20
5623.0
 10
4745.5
 20
5561.5
 10
4744.8
 20
5504.5
 10
4743.9
 20
5451.6
 10
4742.6
 20
5402.4
 10
4741.3
 20
5356.4
 10
4739.7
 20
5313.2
 10
4738.2
 20
5272.5
 10
4736.6
 20
5233.8
 10
4735.1
 20
5197.1
 10
4733.7
 20
5162.5
 10
4732.6
 20
5129.9
 10
4731.8
 20
5099.4
 10
4731.3
 20
5071.0
 10
4731.3
 20
5044.7
 10
4731.8
 20
5020.6
 10
4732.9
 20
4998.6
 10
4734.5
 20
4978.6
 10
4736.4
 20
4960.4
 10
4738.7
 20
4943.6
 10
4741.2
 20
4928.1
 10
4743.7
 20
4913.7
 10
4746.3
 20
4900.2
 10
4748.7
 20
4887.2
 10
4751.0
 20
4874.7
 10
4753.0
 20
4862.4
 10
4754.8
 20
4850.3
 10
4756.2
 20
4838.0
 10
4757.1
 20
4825.6
 10
4757.7
 20
4812.8
 10
4757.7
 20
4799.6
 10
4757.2
 20
4785.6
 10
4756.1
 20
4771.0
 10
4754.6
 20
4756.0
 10
4752.7
 20
4741.0
 10
4750.6
 20
4726.5
 10
4748.4
 20
4712.8
 10
4746.2
 20
4700.4
 10
4744.2
 20
4689.6
 10
4742.4
 20
4680.9
 10
4741.0
 20
4674.5
 10
4739.9
 20
4670.0
 10
4739.2
 20
4667.0
 10
4738.7
 20
4664.9
 10
4738.4
 20
4663.1
 10
4738.2
 20
4661.1
 10
4738.2
 20
4658.4
 10
4738.2
 20
4654.4
  0
LWPOLYLINE
  5
217
330
17
100
AcDbEntity
  8
07家具
100
AcDbPolyline
 90
49
 70
0
 10
4573.1
 20
6483.2
 10
4577.8
 20
6259.3
 10
4582.6
 20
6078.9
 10
4587.2
 20
5936.3
 10
4591.8
 20
5825.6
 10
4596.4
 20
5740.9
 10
4600.7
 20
5676.4
 10
4605.0
 20
5626.3
 10
4609.0
 20
5584.7
 10
4612.9
 20
5546.7
 10
4616.6
 20
5511.1
 10
4620.1
 20
5477.7
 10
4623.3
 20
5446.2
 10
4626.4
 20
5416.3
 10
4629.3
 20
5387.8
 10
4632.0
 20
5360.4
 10
4634.4
 20
5333.9
 10
4636.7
 20
5307.9
 10
4638.7
 20
5282.5
 10
4640.5
 20
5257.3
 10
4641.9
 20
5232.3
 10
4642.8
 20
5207.2
 10
4643.4
 20
5182.1
 10
4643.4
 20
5156.6
 10
4642.9
 20
5130.7
 10
4641.8
 20
5104.2
 10
4640.2
 20
5077.4
 10
4638.2
 20
5050.6
 10
4635.8
 20
5024.0
 10
4633.1
 20
4997.9
 10
4630.1
 20
4972.6
 10
4627.0
 20
4948.3
 10
4623.9
 20
4925.3
 10
4620.7
 20
4903.9
 10
4617.5
 20
4883.8
 10
4614.4
 20
4864.9
 10
4611.3
 20
4846.9
 10
4608.2
 20
4829.7
 10
4605.3
 20
4813.0
 10
4602.3
 20
4796.6
 10
4599.5
 20
4780.3
 10
4596.8
 20
4764.0
 10
4594.4
 20
4747.7
 10
4592.6
 20
4731.5
 10
4591.5
 20
4715.4
 10
4591.3
 20
4699.6
 10
4592.2
 20
4684.1
 10
4594.6
 20
4669.0
 10
4598.5
 20
4654.4
  0
LWPOLYLINE
  5
218
330
17
100
AcDbEntity
  8
07家具
100
AcDbPolyline
 90
33
 70
0
 10
4484.2
 20
6483.2
 10
4488.9
 20
6239.4
 10
4493.6
 20
6037.9
 10
4498.1
 20
5873.2
 10
4502.4
 20
5740.0
 10
4506.4
 20
5632.9
 10
4510.1
 20
5546.5
 10
4513.2
 20
5475.4
 10
4515.9
 20
5414.3
 10
4518.0
 20
5358.6
 10
4519.6
 20
5307.1
 10
4520.6
 20
5259.7
 10
4521.2
 20
5215.9
 10
4521.4
 20
5175.4
 10
4521.3
 20
5138.1
 10
4520.8
 20
5103.5
 10
4520.1
 20
5071.4
 10
4519.3
 20
5041.5
 10
4518.2
 20
5013.3
 10
4516.9
 20
4986.7
 10
4515.5
 20
4961.1
 10
4514.0
 20
4936.1
 10
4512.3
 20
4911.5
 10
4510.4
 20
4886.9
 10
4508.5
 20
4861.8
 10
4506.5
 20
4836.1
 10
4504.5
 20
4809.8
 10
4502.5
 20
4783.2
 10
4500.7
 20
4756.5
 10
4499.2
 20
4730.1
 10
4497.9
 20
4704.1
 10
4497.1
 20
4678.8
 10
4496.9
 20
4654.4
  0
LWPOLYLINE
  5
219
330
17
100
AcDbEntity
  8
07家具
100
AcDbPolyline
 90
33
 70
0
 10
4369.9
 20
6483.2
 10
4374.1
 20
6333.0
 10
4377.2
 20
6204.7
 10
4379.4
 20
6095.4
 10
4380.7
 20
6002.6
 10
4381.4
 20
5923.6
 10
4381.5
 20
5855.9
 10
4381.1
 20
5796.7
 10
4380.4
 20
5743.4
 10
4379.6
 20
5693.8
 10
4378.5
 20
5647.3
 10
4377.3
 20
5603.6
 10
4375.9
 20
5562.6
 10
4374.5
 20
5524.0
 10
4373.0
 20
5487.6
 10
4371.4
 20
5453.2
 10
4369.9
 20
5420.6
 10
4368.3
 20
5389.6
 10
4366.8
 20
5359.6
 10
4365.4
 20
5330.2
 10
4364.2
 20
5300.9
 10
4363.2
 20
5271.1
 10
4362.6
 20
5240.4
 10
4362.3
 20
5208.2
 10
4362.5
 20
5174.0
 10
4363.2
 20
5137.2
 10
4364.7
 20
5096.0
 10
4367.3
 20
5048.6
 10
4371.3
 20
4993.2
 10
4377.1
 20
4927.9
 10
4384.9
 20
4850.9
 10
4395.1
 20
4760.4
 10
4408.0
 20
4654.4
  0
LWPOLYLINE
  5
21A
330
17
100
AcDbEntity
  8
07家具
100
AcDbPolyline
 90
2
 70
0
 10
5436.7
 20
5416.4
 10
5436.7
 20
5010.0
  0
LWPOLYLINE
  5
21B
330
17
100
AcDbEntity
  8
07家具
100
AcDbPolyline
 90
2
 70
0
 10
5436.7
 20
5416.4
 10
5411.3
 20
5420.4
  0
LWPOLYLINE
  5
21C
330
17
100
AcDbEntity
  8
07家具
100
AcDbPolyline
 90
2
 70
0
 10
5411.3
 20
5006.0
 10
5411.3
 20
5420.3
  0
LWPOLYLINE
  5
21D
330
17
100
AcDbEntity
  8
07家具
100
AcDbPolyline
 90
2
 70
0
 10
5398.6
 20
5422.3
 10
5398.6
 20
5003.9
  0
LWPOLYLINE
  5
21E
330
17
100
AcDbEntity
  8
07家具
100
AcDbPolyline
 90
2
 70
0
 10
5411.3
 20
5006.0
 10
5436.7
 20
5010.0
  0
LWPOLYLINE
  5
21F
330
17
100
AcDbEntity
  8
07家具
100
AcDbPolyline
 90
2
 70
0
 10
5398.6
 20
5422.4
 10
5195.3
 20
5454.1
  0
LWPOLYLINE
  5
220
330
17
100
AcDbEntity
  8
07家具
100
AcDbPolyline
 90
2
 70
0
 10
5195.3
 20
4972.3
 10
5398.5
 20
5004.1
  0
LWPOLYLINE
  5
221
330
17
100
AcDbEntity
  8
07家具
100
AcDbPolyline
 90
2
 70
0
 10
5436.7
 20
6127.6
 10
5436.7
 20
5721.2
  0
LWPOLYLINE
  5
222
330
17
100
AcDbEntity
  8
07家具
100
AcDbPolyline
 90
2
 70
0
 10
5411.3
 20
5717.2
 10
5411.3
 20
6131.5
  0
LWPOLYLINE
  5
223
330
17
100
AcDbEntity
  8
07家具
100
AcDbPolyline
 90
2
 70
0
 10
5398.6
 20
6133.5
 10
5398.6
 20
5715.1
  0
LWPOLYLINE
  5
224
330
17
100
AcDbEntity
  8
07家具
100
AcDbPolyline
 90
2
 70
0
 10
5398.6
 20
6133.6
 10
5195.3
 20
6165.3
  0
LWPOLYLINE
  5
225
330
17
100
AcDbEntity
  8
07家具
100
AcDbPolyline
 90
2
 70
0
 10
5436.7
 20
6127.6
 10
5411.3
 20
6131.6
  0
LWPOLYLINE
  5
226
330
17
100
AcDbEntity
  8
07家具
100
AcDbPolyline
 90
2
 70
0
 10
5195.3
 20
5683.5
 10
5398.5
 20
5715.3
  0
LWPOLYLINE
  5
227
330
17
100
AcDbEntity
  8
07家具
100
AcDbPolyline
 90
2
 70
0
 10
5411.3
 20
5717.2
 10
5436.7
 20
5721.2
  0
LWPOLYLINE
  5
228
330
17
100
AcDbEntity
  8
07家具
100
AcDbPolyline
 90
2
 70
0
 10
4281.0
 20
6483.2
 10
4281.0
 20
4654.4
  0
LWPOLYLINE
  5
229
330
17
100
AcDbEntity
  8
07家具
100
AcDbPolyline
 90
2
 70
0
 10
4281.0
 20
4654.4
 10
5195.4
 20
4654.4
  0
LWPOLYLINE
  5
22A
330
17
100
AcDbEntity
  8
07家具
100
AcDbPolyline
 90
2
 70
0
 10
4039.7
 20
6127.6
 10
4039.7
 20
5721.2
  0
LWPOLYLINE
  5
22B
330
17
100
AcDbEntity
  8
07家具
100
AcDbPolyline
 90
2
 70
0
 10
4039.7
 20
6127.6
 10
4065.1
 20
6131.6
  0
LWPOLYLINE
  5
22C
330
17
100
AcDbEntity
  8
07家具
100
AcDbPolyline
 90
2
 70
0
 10
4065.1
 20
5717.2
 10
4065.1
 20
6131.5
  0
LWPOLYLINE
  5
22D
330
17
100
AcDbEntity
  8
07家具
100
AcDbPolyline
 90
2
 70
0
 10
4077.8
 20
6133.5
 10
4077.8
 20
5715.1
  0
LWPOLYLINE
  5
22E
330
17
100
AcDbEntity
  8
07家具
100
AcDbPolyline
 90
2
 70
0
 10
4065.1
 20
5717.2
 10
4039.7
 20
5721.2
  0
LWPOLYLINE
  5
22F
330
17
100
AcDbEntity
  8
07家具
100
AcDbPolyline
 90
2
 70
0
 10
4281.0
 20
5683.5
 10
4077.8
 20
5715.3
  0
LWPOLYLINE
  5
230
330
17
100
AcDbEntity
  8
07家具
100
AcDbPolyline
 90
2
 70
0
 10
4077.7
 20
6133.6
 10
4281.0
 20
6165.3
  0
LWPOLYLINE
  5
231
330
17
100
AcDbEntity
  8
07家具
100
AcDbPolyline
 90
2
 70
0
 10
4039.7
 20
5416.4
 10
4039.7
 20
5010.0
  0
LWPOLYLINE
  5
232
330
17
100
AcDbEntity
  8
07家具
100
AcDbPolyline
 90
2
 70
0
 10
4039.7
 20
5416.4
 10
4065.1
 20
5420.4
  0
LWPOLYLINE
  5
233
330
17
100
AcDbEntity
  8
07家具
100
AcDbPolyline
 90
2
 70
0
 10
4065.1
 20
5006.0
 10
4065.1
 20
5420.3
  0
LWPOLYLINE
  5
234
330
17
100
AcDbEntity
  8
07家具
100
AcDbPolyline
 90
2
 70
0
 10
4077.8
 20
5422.3
 10
4077.8
 20
5003.9
  0
LWPOLYLINE
  5
235
330
17
100
AcDbEntity
  8
07家具
100
AcDbPolyline
 90
2
 70
0
 10
4065.1
 20
5006.0
 10
4039.7
 20
5010.0
  0
LWPOLYLINE
  5
236
330
17
100
AcDbEntity
  8
07家具
100
AcDbPolyline
 90
2
 70
0
 10
4281.0
 20
4972.3
 10
4077.8
 20
5004.1
  0
LWPOLYLINE
  5
237
330
17
100
AcDbEntity
  8
07家具
100
AcDbPolyline
 90
2
 70
0
 10
4077.7
 20
5422.4
 10
4281.0
 20
5454.1
  0
LWPOLYLINE
  5
238
330
17
100
AcDbEntity
  8
07家具
100
AcDbPolyline
 90
2
 70
0
 10
5195.4
 20
6483.2
 10
4281.0
 20
6483.2
  0
LWPOLYLINE
  5
239
330
17
100
AcDbEntity
  8
07家具
100
AcDbPolyline
 90
2
 70
0
 10
1775.1
 20
4603.5
 10
2375.1
 20
4603.5
  0
LWPOLYLINE
  5
23A
330
17
100
AcDbEntity
  8
07家具
100
AcDbPolyline
 90
2
 70
0
 10
2375.1
 20
4603.5
 10
2375.1
 20
5203.5
  0
LWPOLYLINE
  5
23B
330
17
100
AcDbEntity
  8
07家具
100
AcDbPolyline
 90
2
 70
0
 10
2375.1
 20
5203.5
 10
1775.1
 20
5203.5
  0
LWPOLYLINE
  5
23C
330
17
100
AcDbEntity
  8
07家具
100
AcDbPolyline
 90
2
 70
0
 10
1775.1
 20
5203.5
 10
1775.1
 20
4603.5
  0
LWPOLYLINE
  5
23D
330
17
100
AcDbEntity
  8
07家具
100
AcDbPolyline
 90
2
 70
0
 10
1767.9
 20
4604.8
 10
2356.8
 20
5193.7
  0
LWPOLYLINE
  5
23E
330
17
100
AcDbEntity
  8
07家具
100
AcDbPolyline
 90
2
 70
0
 10
1780.4
 20
5197.6
 10
2367.2
 20
4610.7
  0
LWPOLYLINE
  5
23F
330
17
100
AcDbEntity
  8
13境界線
100
AcDbPolyline
 90
90
 70
0
 10
100.0
 20
12500.0
 10
99.8
 20
12507.0
 10
99.0
 20
12513.9
 10
97.8
 20
12520.8
 10
96.1
 20
12527.6
 10
94.0
 20
12534.2
 10
91.4
 20
12540.7
 10
88.3
 20
12546.9
 10
84.8
 20
12553.0
 10
80.9
 20
12558.8
 10
76.6
 20
12564.3
 10
71.9
 20
12569.5
 10
66.9
 20
12574.3
 10
61.6
 20
12578.8
 10
55.9
 20
12582.9
 10
50.0
 20
12586.6
 10
43.8
 20
12589.9
 10
37.5
 20
12592.7
 10
30.9
 20
12595.1
 10
24.2
 20
12597.0
 10
17.4
 20
12598.5
 10
10.5
 20
12599.5
 10
3.5
 20
12599.9
 10
-3.5
 20
12599.9
 10
-10.5
 20
12599.5
 10
-17.4
 20
12598.5
 10
-24.2
 20
12597.0
 10
-30.9
 20
12595.1
 10
-37.5
 20
12592.7
 10
-43.8
 20
12589.9
 10
-50.0
 20
12586.6
 10
-55.9
 20
12582.9
 10
-61.6
 20
12578.8
 10
-66.9
 20
12574.3
 10
-71.9
 20
12569.5
 10
-76.6
 20
12564.3
 10
-80.9
 20
12558.8
 10
-84.8
 20
12553.0
 10
-88.3
 20
12546.9
 10
-91.4
 20
12540.7
 10
-94.0
 20
12534.2
 10
-96.1
 20
12527.6
 10
-97.8
 20
12520.8
 10
-99.0
 20
12513.9
 10
-99.8
 20
12507.0
 10
-100.0
 20
12500.0
 10
-99.8
 20
12493.0
 10
-99.0
 20
12486.1
 10
-97.8
 20
12479.2
 10
-96.1
 20
12472.4
 10
-94.0
 20
12465.8
 10
-91.4
 20
12459.3
 10
-88.3
 20
12453.1
 10
-84.8
 20
12447.0
 10
-80.9
 20
12441.2
 10
-76.6
 20
12435.7
 10
-71.9
 20
12430.5
 10
-66.9
 20
12425.7
 10
-61.6
 20
12421.2
 10
-55.9
 20
12417.1
 10
-50.0
 20
12413.4
 10
-43.8
 20
12410.1
 10
-37.5
 20
12407.3
 10
-30.9
 20
12404.9
 10
-24.2
 20
12403.0
 10
-17.4
 20
12401.5
 10
-10.5
 20
12400.5
 10
-3.5
 20
12400.1
 10
3.5
 20
12400.1
 10
10.5
 20
12400.5
 10
17.4
 20
12401.5
 10
24.2
 20
12403.0
 10
30.9
 20
12404.9
 10
37.5
 20
12407.3
 10
43.8
 20
12410.1
 10
50.0
 20
12413.4
 10
55.9
 20
12417.1
 10
61.6
 20
12421.2
 10
66.9
 20
12425.7
 10
71.9
 20
12430.5
 10
76.6
 20
12435.7
 10
80.9
 20
12441.2
 10
84.8
 20
12447.0
 10
88.3
 20
12453.1
 10
91.4
 20
12459.3
 10
94.0
 20
12465.8
 10
96.1
 20
12472.4
 10
97.8
 20
12479.2
 10
99.0
 20
12486.1
 10
100.0
 20
12500.0
  0
LWPOLYLINE
  5
240
330
17
100
AcDbEntity
  8
13境界線
100
AcDbPolyline
 90
90
 70
0
 10
11080.0
 20
12500.0
 10
11079.8
 20
12507.0
 10
11079.0
 20
12513.9
 10
11077.8
 20
12520.8
 10
11076.1
 20
12527.6
 10
11074.0
 20
12534.2
 10
11071.4
 20
12540.7
 10
11068.3
 20
12546.9
 10
11064.8
 20
12553.0
 10
11060.9
 20
12558.8
 10
11056.6
 20
12564.3
 10
11051.9
 20
12569.5
 10
11046.9
 20
12574.3
 10
11041.6
 20
12578.8
 10
11035.9
 20
12582.9
 10
11030.0
 20
12586.6
 10
11023.8
 20
12589.9
 10
11017.5
 20
12592.7
 10
11010.9
 20
12595.1
 10
11004.2
 20
12597.0
 10
10997.4
 20
12598.5
 10
10990.5
 20
12599.5
 10
10983.5
 20
12599.9
 10
10976.5
 20
12599.9
 10
10969.5
 20
12599.5
 10
10962.6
 20
12598.5
 10
10955.8
 20
12597.0
 10
10949.1
 20
12595.1
 10
10942.5
 20
12592.7
 10
10936.2
 20
12589.9
 10
10930.0
 20
12586.6
 10
10924.1
 20
12582.9
 10
10918.4
 20
12578.8
 10
10913.1
 20
12574.3
 10
10908.1
 20
12569.5
 10
10903.4
 20
12564.3
 10
10899.1
 20
12558.8
 10
10895.2
 20
12553.0
 10
10891.7
 20
12546.9
 10
10888.6
 20
12540.7
 10
10886.0
 20
12534.2
 10
10883.9
 20
12527.6
 10
10882.2
 20
12520.8
 10
10881.0
 20
12513.9
 10
10880.2
 20
12507.0
 10
10880.0
 20
12500.0
 10
10880.2
 20
12493.0
 10
10881.0
 20
12486.1
 10
10882.2
 20
12479.2
 10
10883.9
 20
12472.4
 10
10886.0
 20
12465.8
 10
10888.6
 20
12459.3
 10
10891.7
 20
12453.1
 10
10895.2
 20
12447.0
 10
10899.1
 20
12441.2
 10
10903.4
 20
12435.7
 10
10908.1
 20
12430.5
 10
10913.1
 20
12425.7
 10
10918.4
 20
12421.2
 10
10924.1
 20
12417.1
 10
10930.0
 20
12413.4
 10
10936.2
 20
12410.1
 10
10942.5
 20
12407.3
 10
10949.1
 20
12404.9
 10
10955.8
 20
12403.0
 10
10962.6
 20
12401.5
 10
10969.5
 20
12400.5
 10
10976.5
 20
12400.1
 10
10983.5
 20
12400.1
 10
10990.5
 20
12400.5
 10
10997.4
 20
12401.5
 10
11004.2
 20
12403.0
 10
11010.9
 20
12404.9
 10
11017.5
 20
12407.3
 10
11023.8
 20
12410.1
 10
11030.0
 20
12413.4
 10
11035.9
 20
12417.1
 10
11041.6
 20
12421.2
 10
11046.9
 20
12425.7
 10
11051.9
 20
12430.5
 10
11056.6
 20
12435.7
 10
11060.9
 20
12441.2
 10
11064.8
 20
12447.0
 10
11068.3
 20
12453.1
 10
11071.4
 20
12459.3
 10
11074.0
 20
12465.8
 10
11076.1
 20
12472.4
 10
11077.8
 20
12479.2
 10
11079.0
 20
12486.1
 10
11080.0
 20
12500.0
  0
LWPOLYLINE
  5
241
330
17
100
AcDbEntity
  8
13境界線
100
AcDbPolyline
 90
90
 70
0
 10
11080.0
 20
0.0
 10
11079.8
 20
7.0
 10
11079.0
 20
13.9
 10
11077.8
 20
20.8
 10
11076.1
 20
27.6
 10
11074.0
 20
34.2
 10
11071.4
 20
40.7
 10
11068.3
 20
46.9
 10
11064.8
 20
53.0
 10
11060.9
 20
58.8
 10
11056.6
 20
64.3
 10
11051.9
 20
69.5
 10
11046.9
 20
74.3
 10
11041.6
 20
78.8
 10
11035.9
 20
82.9
 10
11030.0
 20
86.6
 10
11023.8
 20
89.9
 10
11017.5
 20
92.7
 10
11010.9
 20
95.1
 10
11004.2
 20
97.0
 10
10997.4
 20
98.5
 10
10990.5
 20
99.5
 10
10983.5
 20
99.9
 10
10976.5
 20
99.9
 10
10969.5
 20
99.5
 10
10962.6
 20
98.5
 10
10955.8
 20
97.0
 10
10949.1
 20
95.1
 10
10942.5
 20
92.7
 10
10936.2
 20
89.9
 10
10930.0
 20
86.6
 10
10924.1
 20
82.9
 10
10918.4
 20
78.8
 10
10913.1
 20
74.3
 10
10908.1
 20
69.5
 10
10903.4
 20
64.3
 10
10899.1
 20
58.8
 10
10895.2
 20
53.0
 10
10891.7
 20
46.9
 10
10888.6
 20
40.7
 10
10886.0
 20
34.2
 10
10883.9
 20
27.6
 10
10882.2
 20
20.8
 10
10881.0
 20
13.9
 10
10880.2
 20
7.0
 10
10880.0
 20
0.0
 10
10880.2
 20
-7.0
 10
10881.0
 20
-13.9
 10
10882.2
 20
-20.8
 10
10883.9
 20
-27.6
 10
10886.0
 20
-34.2
 10
10888.6
 20
-40.7
 10
10891.7
 20
-46.9
 10
10895.2
 20
-53.0
 10
10899.1
 20
-58.8
 10
10903.4
 20
-64.3
 10
10908.1
 20
-69.5
 10
10913.1
 20
-74.3
 10
10918.4
 20
-78.8
 10
10924.1
 20
-82.9
 10
10930.0
 20
-86.6
 10
10936.2
 20
-89.9
 10
10942.5
 20
-92.7
 10
10949.1
 20
-95.1
 10
10955.8
 20
-97.0
 10
10962.6
 20
-98.5
 10
10969.5
 20
-99.5
 10
10976.5
 20
-99.9
 10
10983.5
 20
-99.9
 10
10990.5
 20
-99.5
 10
10997.4
 20
-98.5
 10
11004.2
 20
-97.0
 10
11010.9
 20
-95.1
 10
11017.5
 20
-92.7
 10
11023.8
 20
-89.9
 10
11030.0
 20
-86.6
 10
11035.9
 20
-82.9
 10
11041.6
 20
-78.8
 10
11046.9
 20
-74.3
 10
11051.9
 20
-69.5
 10
11056.6
 20
-64.3
 10
11060.9
 20
-58.8
 10
11064.8
 20
-53.0
 10
11068.3
 20
-46.9
 10
11071.4
 20
-40.7
 10
11074.0
 20
-34.2
 10
11076.1
 20
-27.6
 10
11077.8
 20
-20.8
 10
11079.0
 20
-13.9
 10
11080.0
 20
0.0
  0
LWPOLYLINE
  5
242
330
17
100
AcDbEntity
  8
13境界線
100
AcDbPolyline
 90
90
 70
0
 10
100.0
 20
0.0
 10
99.8
 20
7.0
 10
99.0
 20
13.9
 10
97.8
 20
20.8
 10
96.1
 20
27.6
 10
94.0
 20
34.2
 10
91.4
 20
40.7
 10
88.3
 20
46.9
 10
84.8
 20
53.0
 10
80.9
 20
58.8
 10
76.6
 20
64.3
 10
71.9
 20
69.5
 10
66.9
 20
74.3
 10
61.6
 20
78.8
 10
55.9
 20
82.9
 10
50.0
 20
86.6
 10
43.8
 20
89.9
 10
37.5
 20
92.7
 10
30.9
 20
95.1
 10
24.2
 20
97.0
 10
17.4
 20
98.5
 10
10.5
 20
99.5
 10
3.5
 20
99.9
 10
-3.5
 20
99.9
 10
-10.5
 20
99.5
 10
-17.4
 20
98.5
 10
-24.2
 20
97.0
 10
-30.9
 20
95.1
 10
-37.5
 20
92.7
 10
-43.8
 20
89.9
 10
-50.0
 20
86.6
 10
-55.9
 20
82.9
 10
-61.6
 20
78.8
 10
-66.9
 20
74.3
 10
-71.9
 20
69.5
 10
-76.6
 20
64.3
 10
-80.9
 20
58.8
 10
-84.8
 20
53.0
 10
-88.3
 20
46.9
 10
-91.4
 20
40.7
 10
-94.0
 20
34.2
 10
-96.1
 20
27.6
 10
-97.8
 20
20.8
 10
-99.0
 20
13.9
 10
-99.8
 20
7.0
 10
-100.0
 20
0.0
 10
-99.8
 20
-7.0
 10
-99.0
 20
-13.9
 10
-97.8
 20
-20.8
 10
-96.1
 20
-27.6
 10
-94.0
 20
-34.2
 10
-91.4
 20
-40.7
 10
-88.3
 20
-46.9
 10
-84.8
 20
-53.0
 10
-80.9
 20
-58.8
 10
-76.6
 20
-64.3
 10
-71.9
 20
-69.5
 10
-66.9
 20
-74.3
 10
-61.6
 20
-78.8
 10
-55.9
 20
-82.9
 10
-50.0
 20
-86.6
 10
-43.8
 20
-89.9
 10
-37.5
 20
-92.7
 10
-30.9
 20
-95.1
 10
-24.2
 20
-97.0
 10
-17.4
 20
-98.5
 10
-10.5
 20
-99.5
 10
-3.5
 20
-99.9
 10
3.5
 20
-99.9
 10
10.5
 20
-99.5
 10
17.4
 20
-98.5
 10
24.2
 20
-97.0
 10
30.9
 20
-95.1
 10
37.5
 20
-92.7
 10
43.8
 20
-89.9
 10
50.0
 20
-86.6
 10
55.9
 20
-82.9
 10
61.6
 20
-78.8
 10
66.9
 20
-74.3
 10
71.9
 20
-69.5
 10
76.6
 20
-64.3
 10
80.9
 20
-58.8
 10
84.8
 20
-53.0
 10
88.3
 20
-46.9
 10
91.4
 20
-40.7
 10
94.0
 20
-34.2
 10
96.1
 20
-27.6
 10
97.8
 20
-20.8
 10
99.0
 20
-13.9
 10
100.0
 20
0.0
  0
LWPOLYLINE
  5
243
330
17
100
AcDbEntity
  8
13境界線
100
AcDbPolyline
 90
2
 70
0
 10
0.0
 20
12500.0
 10
10980.0
 20
12500.0
  0
LWPOLYLINE
  5
244
330
17
100
AcDbEntity
  8
13境界線
100
AcDbPolyline
 90
2
 70
0
 10
0.0
 20
0.0
 10
10980.0
 20
0.0
  0
LWPOLYLINE
  5
245
330
17
100
AcDbEntity
  8
13境界線
100
AcDbPolyline
 90
2
 70
0
 10
10980.0
 20
12500.0
 10
10980.0
 20
0.0
  0
LWPOLYLINE
  5
246
330
17
100
AcDbEntity
  8
13境界線
100
AcDbPolyline
 90
2
 70
0
 10
0.0
 20
0.0
 10
0.0
 20
12500.0
  0
LINE
  5
247
330
17
100
AcDbEntity
  8
01通り芯
100
AcDbLine
 10
1700.0
 20
-3600.0
 30
0.0
 11
1700.0
 21
14800.0
 31
0.0
  0
CIRCLE
  5
248
330
17
100
AcDbEntity
  8
01通り芯
100
AcDbCircle
 10
1700.0
 20
-4000.0
 30
0.0
 40
350.0
  0
TEXT
  5
249
330
17
100
AcDbEntity
  8
01通り芯
100
AcDbText
 10
1700.0
 20
-4000.0
 30
0.0
 40
280.0
  1
い
  7
JP
 72
1
 11
1700.0
 21
-4000.0
 31
0.0
100
AcDbText
 73
2
  0
LINE
  5
24A
330
17
100
AcDbEntity
  8
01通り芯
100
AcDbLine
 10
2610.0
 20
-3600.0
 30
0.0
 11
2610.0
 21
14800.0
 31
0.0
  0
CIRCLE
  5
24B
330
17
100
AcDbEntity
  8
01通り芯
100
AcDbCircle
 10
2610.0
 20
-4000.0
 30
0.0
 40
350.0
  0
TEXT
  5
24C
330
17
100
AcDbEntity
  8
01通り芯
100
AcDbText
 10
2610.0
 20
-4000.0
 30
0.0
 40
280.0
  1
ろ
  7
JP
 72
1
 11
2610.0
 21
-4000.0
 31
0.0
100
AcDbText
 73
2
  0
LINE
  5
24D
330
17
100
AcDbEntity
  8
01通り芯
100
AcDbLine
 10
3520.0
 20
-3600.0
 30
0.0
 11
3520.0
 21
14800.0
 31
0.0
  0
CIRCLE
  5
24E
330
17
100
AcDbEntity
  8
01通り芯
100
AcDbCircle
 10
3520.0
 20
-4000.0
 30
0.0
 40
350.0
  0
TEXT
  5
24F
330
17
100
AcDbEntity
  8
01通り芯
100
AcDbText
 10
3520.0
 20
-4000.0
 30
0.0
 40
280.0
  1
は
  7
JP
 72
1
 11
3520.0
 21
-4000.0
 31
0.0
100
AcDbText
 73
2
  0
LINE
  5
250
330
17
100
AcDbEntity
  8
01通り芯
100
AcDbLine
 10
4430.0
 20
-3600.0
 30
0.0
 11
4430.0
 21
14800.0
 31
0.0
  0
CIRCLE
  5
251
330
17
100
AcDbEntity
  8
01通り芯
100
AcDbCircle
 10
4430.0
 20
-4000.0
 30
0.0
 40
350.0
  0
TEXT
  5
252
330
17
100
AcDbEntity
  8
01通り芯
100
AcDbText
 10
4430.0
 20
-4000.0
 30
0.0
 40
280.0
  1
に
  7
JP
 72
1
 11
4430.0
 21
-4000.0
 31
0.0
100
AcDbText
 73
2
  0
LINE
  5
253
330
17
100
AcDbEntity
  8
01通り芯
100
AcDbLine
 10
5340.0
 20
-3600.0
 30
0.0
 11
5340.0
 21
14800.0
 31
0.0
  0
CIRCLE
  5
254
330
17
100
AcDbEntity
  8
01通り芯
100
AcDbCircle
 10
5340.0
 20
-4000.0
 30
0.0
 40
350.0
  0
TEXT
  5
255
330
17
100
AcDbEntity
  8
01通り芯
100
AcDbText
 10
5340.0
 20
-4000.0
 30
0.0
 40
280.0
  1
ほ
  7
JP
 72
1
 11
5340.0
 21
-4000.0
 31
0.0
100
AcDbText
 73
2
  0
LINE
  5
256
330
17
100
AcDbEntity
  8
01通り芯
100
AcDbLine
 10
6250.0
 20
-3600.0
 30
0.0
 11
6250.0
 21
14800.0
 31
0.0
  0
CIRCLE
  5
257
330
17
100
AcDbEntity
  8
01通り芯
100
AcDbCircle
 10
6250.0
 20
-4000.0
 30
0.0
 40
350.0
  0
TEXT
  5
258
330
17
100
AcDbEntity
  8
01通り芯
100
AcDbText
 10
6250.0
 20
-4000.0
 30
0.0
 40
280.0
  1
へ
  7
JP
 72
1
 11
6250.0
 21
-4000.0
 31
0.0
100
AcDbText
 73
2
  0
LINE
  5
259
330
17
100
AcDbEntity
  8
01通り芯
100
AcDbLine
 10
7160.0
 20
-3600.0
 30
0.0
 11
7160.0
 21
14800.0
 31
0.0
  0
CIRCLE
  5
25A
330
17
100
AcDbEntity
  8
01通り芯
100
AcDbCircle
 10
7160.0
 20
-4000.0
 30
0.0
 40
350.0
  0
TEXT
  5
25B
330
17
100
AcDbEntity
  8
01通り芯
100
AcDbText
 10
7160.0
 20
-4000.0
 30
0.0
 40
280.0
  1
と
  7
JP
 72
1
 11
7160.0
 21
-4000.0
 31
0.0
100
AcDbText
 73
2
  0
LINE
  5
25C
330
17
100
AcDbEntity
  8
01通り芯
100
AcDbLine
 10
8070.0
 20
-3600.0
 30
0.0
 11
8070.0
 21
14800.0
 31
0.0
  0
CIRCLE
  5
25D
330
17
100
AcDbEntity
  8
01通り芯
100
AcDbCircle
 10
8070.0
 20
-4000.0
 30
0.0
 40
350.0
  0
TEXT
  5
25E
330
17
100
AcDbEntity
  8
01通り芯
100
AcDbText
 10
8070.0
 20
-4000.0
 30
0.0
 40
280.0
  1
ち
  7
JP
 72
1
 11
8070.0
 21
-4000.0
 31
0.0
100
AcDbText
 73
2
  0
LINE
  5
25F
330
17
100
AcDbEntity
  8
01通り芯
100
AcDbLine
 10
8980.0
 20
-3600.0
 30
0.0
 11
8980.0
 21
14800.0
 31
0.0
  0
CIRCLE
  5
260
330
17
100
AcDbEntity
  8
01通り芯
100
AcDbCircle
 10
8980.0
 20
-4000.0
 30
0.0
 40
350.0
  0
TEXT
  5
261
330
17
100
AcDbEntity
  8
01通り芯
100
AcDbText
 10
8980.0
 20
-4000.0
 30
0.0
 40
280.0
  1
り
  7
JP
 72
1
 11
8980.0
 21
-4000.0
 31
0.0
100
AcDbText
 73
2
  0
LINE
  5
262
330
17
100
AcDbEntity
  8
01通り芯
100
AcDbLine
 10
-3600.0
 20
4540.0
 30
0.0
 11
13280.0
 21
4540.0
 31
0.0
  0
CIRCLE
  5
263
330
17
100
AcDbEntity
  8
01通り芯
100
AcDbCircle
 10
-4000.0
 20
4540.0
 30
0.0
 40
350.0
  0
TEXT
  5
264
330
17
100
AcDbEntity
  8
01通り芯
100
AcDbText
 10
-4000.0
 20
4540.0
 30
0.0
 40
280.0
  1
0
  7
JP
 72
1
 11
-4000.0
 21
4540.0
 31
0.0
100
AcDbText
 73
2
  0
LINE
  5
265
330
17
100
AcDbEntity
  8
01通り芯
100
AcDbLine
 10
-3600.0
 20
5450.0
 30
0.0
 11
13280.0
 21
5450.0
 31
0.0
  0
CIRCLE
  5
266
330
17
100
AcDbEntity
  8
01通り芯
100
AcDbCircle
 10
-4000.0
 20
5450.0
 30
0.0
 40
350.0
  0
TEXT
  5
267
330
17
100
AcDbEntity
  8
01通り芯
100
AcDbText
 10
-4000.0
 20
5450.0
 30
0.0
 40
280.0
  1
1
  7
JP
 72
1
 11
-4000.0
 21
5450.0
 31
0.0
100
AcDbText
 73
2
  0
LINE
  5
268
330
17
100
AcDbEntity
  8
01通り芯
100
AcDbLine
 10
-3600.0
 20
6360.0
 30
0.0
 11
13280.0
 21
6360.0
 31
0.0
  0
CIRCLE
  5
269
330
17
100
AcDbEntity
  8
01通り芯
100
AcDbCircle
 10
-4000.0
 20
6360.0
 30
0.0
 40
350.0
  0
TEXT
  5
26A
330
17
100
AcDbEntity
  8
01通り芯
100
AcDbText
 10
-4000.0
 20
6360.0
 30
0.0
 40
280.0
  1
2
  7
JP
 72
1
 11
-4000.0
 21
6360.0
 31
0.0
100
AcDbText
 73
2
  0
LINE
  5
26B
330
17
100
AcDbEntity
  8
01通り芯
100
AcDbLine
 10
-3600.0
 20
7270.0
 30
0.0
 11
13280.0
 21
7270.0
 31
0.0
  0
CIRCLE
  5
26C
330
17
100
AcDbEntity
  8
01通り芯
100
AcDbCircle
 10
-4000.0
 20
7270.0
 30
0.0
 40
350.0
  0
TEXT
  5
26D
330
17
100
AcDbEntity
  8
01通り芯
100
AcDbText
 10
-4000.0
 20
7270.0
 30
0.0
 40
280.0
  1
3
  7
JP
 72
1
 11
-4000.0
 21
7270.0
 31
0.0
100
AcDbText
 73
2
  0
LINE
  5
26E
330
17
100
AcDbEntity
  8
01通り芯
100
AcDbLine
 10
-3600.0
 20
8180.0
 30
0.0
 11
13280.0
 21
8180.0
 31
0.0
  0
CIRCLE
  5
26F
330
17
100
AcDbEntity
  8
01通り芯
100
AcDbCircle
 10
-4000.0
 20
8180.0
 30
0.0
 40
350.0
  0
TEXT
  5
270
330
17
100
AcDbEntity
  8
01通り芯
100
AcDbText
 10
-4000.0
 20
8180.0
 30
0.0
 40
280.0
  1
4
  7
JP
 72
1
 11
-4000.0
 21
8180.0
 31
0.0
100
AcDbText
 73
2
  0
LINE
  5
271
330
17
100
AcDbEntity
  8
01通り芯
100
AcDbLine
 10
-3600.0
 20
9090.0
 30
0.0
 11
13280.0
 21
9090.0
 31
0.0
  0
CIRCLE
  5
272
330
17
100
AcDbEntity
  8
01通り芯
100
AcDbCircle
 10
-4000.0
 20
9090.0
 30
0.0
 40
350.0
  0
TEXT
  5
273
330
17
100
AcDbEntity
  8
01通り芯
100
AcDbText
 10
-4000.0
 20
9090.0
 30
0.0
 40
280.0
  1
5
  7
JP
 72
1
 11
-4000.0
 21
9090.0
 31
0.0
100
AcDbText
 73
2
  0
LINE
  5
274
330
17
100
AcDbEntity
  8
01通り芯
100
AcDbLine
 10
-3600.0
 20
10000.0
 30
0.0
 11
13280.0
 21
10000.0
 31
0.0
  0
CIRCLE
  5
275
330
17
100
AcDbEntity
  8
01通り芯
100
AcDbCircle
 10
-4000.0
 20
10000.0
 30
0.0
 40
350.0
  0
TEXT
  5
276
330
17
100
AcDbEntity
  8
01通り芯
100
AcDbText
 10
-4000.0
 20
10000.0
 30
0.0
 40
280.0
  1
6
  7
JP
 72
1
 11
-4000.0
 21
10000.0
 31
0.0
100
AcDbText
 73
2
  0
DIMENSION
  5
277
330
17
100
AcDbEntity
  8
09寸法
100
AcDbDimension
280
0
  2
*D1
  3
JIS100
 10
1700.0
 20
14100.0
 30
0.0
 11
2610.0
 21
14285.0
 31
0.0
 70
32
 71
5
  1
1,820
100
AcDbAlignedDimension
 13
1700.0
 23
12500.0
 33
0.0
 14
3520.0
 24
12500.0
 34
0.0
 50
0.0
100
AcDbRotatedDimension
  0
DIMENSION
  5
28B
330
17
100
AcDbEntity
  8
09寸法
100
AcDbDimension
280
0
  2
*D2
  3
JIS100
 10
3520.0
 20
14100.0
 30
0.0
 11
4430.0
 21
14285.0
 31
0.0
 70
32
 71
5
  1
1,820
100
AcDbAlignedDimension
 13
3520.0
 23
12500.0
 33
0.0
 14
5340.0
 24
12500.0
 34
0.0
 50
0.0
100
AcDbRotatedDimension
  0
DIMENSION
  5
29A
330
17
100
AcDbEntity
  8
09寸法
100
AcDbDimension
280
0
  2
*D3
  3
JIS100
 10
5340.0
 20
14100.0
 30
0.0
 11
6250.0
 21
14285.0
 31
0.0
 70
32
 71
5
  1
1,820
100
AcDbAlignedDimension
 13
5340.0
 23
12500.0
 33
0.0
 14
7160.0
 24
12500.0
 34
0.0
 50
0.0
100
AcDbRotatedDimension
  0
DIMENSION
  5
2A9
330
17
100
AcDbEntity
  8
09寸法
100
AcDbDimension
280
0
  2
*D4
  3
JIS100
 10
7160.0
 20
14100.0
 30
0.0
 11
8070.0
 21
14285.0
 31
0.0
 70
32
 71
5
  1
1,820
100
AcDbAlignedDimension
 13
7160.0
 23
12500.0
 33
0.0
 14
8980.0
 24
12500.0
 34
0.0
 50
0.0
100
AcDbRotatedDimension
  0
DIMENSION
  5
2B8
330
17
100
AcDbEntity
  8
09寸法
100
AcDbDimension
280
0
  2
*D5
  3
JIS100
 10
0.0
 20
15100.0
 30
0.0
 11
5490.0
 21
15285.0
 31
0.0
 70
32
 71
5
  1
11,000
100
AcDbAlignedDimension
 13
0.0
 23
12500.0
 33
0.0
 14
10980.0
 24
12500.0
 34
0.0
 50
0.0
100
AcDbRotatedDimension
  0
DIMENSION
  5
2C7
330
17
100
AcDbEntity
  8
09寸法
100
AcDbDimension
280
0
  2
*D6
  3
JIS100
 10
0.0
 20
11300.0
 30
0.0
 11
50.0
 21
11635.0
 31
0.0
 70
32
 71
5
  1
100
100
AcDbAlignedDimension
 13
0.0
 23
11300.0
 33
0.0
 14
100.0
 24
11300.0
 34
0.0
 50
0.0
100
AcDbRotatedDimension
  0
DIMENSION
  5
2D8
330
17
100
AcDbEntity
  8
09寸法
100
AcDbDimension
280
0
  2
*D7
  3
JIS100
 10
1700.0
 20
-1400.0
 30
0.0
 11
2155.0
 21
-1215.0
 31
0.0
 70
32
 71
5
  1
910
100
AcDbAlignedDimension
 13
1700.0
 23
0.0
 33
0.0
 14
2610.0
 24
0.0
 34
0.0
 50
0.0
100
AcDbRotatedDimension
  0
DIMENSION
  5
2E7
330
17
100
AcDbEntity
  8
09寸法
100
AcDbDimension
280
0
  2
*D8
  3
JIS100
 10
2610.0
 20
-1400.0
 30
0.0
 11
4885.0
 21
-1215.0
 31
0.0
 70
32
 71
5
  1
4,550
100
AcDbAlignedDimension
 13
2610.0
 23
0.0
 33
0.0
 14
7160.0
 24
0.0
 34
0.0
 50
0.0
100
AcDbRotatedDimension
  0
DIMENSION
  5
2F6
330
17
100
AcDbEntity
  8
09寸法
100
AcDbDimension
280
0
  2
*D9
  3
JIS100
 10
7160.0
 20
-1400.0
 30
0.0
 11
8070.0
 21
-1215.0
 31
0.0
 70
32
 71
5
  1
1,820
100
AcDbAlignedDimension
 13
7160.0
 23
0.0
 33
0.0
 14
8980.0
 24
0.0
 34
0.0
 50
0.0
100
AcDbRotatedDimension
  0
DIMENSION
  5
305
330
17
100
AcDbEntity
  8
09寸法
100
AcDbDimension
280
0
  2
*D10
  3
JIS100
 10
1700.0
 20
-2200.0
 30
0.0
 11
5340.0
 21
-2015.0
 31
0.0
 70
32
 71
5
  1
7,280
100
AcDbAlignedDimension
 13
1700.0
 23
0.0
 33
0.0
 14
8980.0
 24
0.0
 34
0.0
 50
0.0
100
AcDbRotatedDimension
  0
DIMENSION
  5
314
330
17
100
AcDbEntity
  8
09寸法
100
AcDbDimension
280
0
  2
*D11
  3
JIS100
 10
8980.0
 20
-2200.0
 30
0.0
 11
9980.0
 21
-2015.0
 31
0.0
 70
32
 71
5
  1
2,000
100
AcDbAlignedDimension
 13
8980.0
 23
0.0
 33
0.0
 14
10980.0
 24
0.0
 34
0.0
 50
0.0
100
AcDbRotatedDimension
  0
DIMENSION
  5
323
330
17
100
AcDbEntity
  8
09寸法
100
AcDbDimension
280
0
  2
*D12
  3
JIS100
 10
0.0
 20
-3000.0
 30
0.0
 11
5490.0
 21
-2815.0
 31
0.0
 70
32
 71
5
  1
11,000
100
AcDbAlignedDimension
 13
0.0
 23
0.0
 33
0.0
 14
10980.0
 24
0.0
 34
0.0
 50
0.0
100
AcDbRotatedDimension
  0
DIMENSION
  5
332
330
17
100
AcDbEntity
  8
09寸法
100
AcDbDimension
280
0
  2
*D13
  3
JIS100
 10
-1200.0
 20
10000.0
 30
0.0
 11
-1015.0
 21
9545.0
 31
0.0
 70
32
 71
5
  1
910
100
AcDbAlignedDimension
 13
0.0
 23
10000.0
 33
0.0
 14
0.0
 24
9090.0
 34
0.0
 50
90.0
100
AcDbRotatedDimension
  0
DIMENSION
  5
341
330
17
100
AcDbEntity
  8
09寸法
100
AcDbDimension
280
0
  2
*D14
  3
JIS100
 10
-1200.0
 20
9090.0
 30
0.0
 11
-1015.0
 21
8180.0
 31
0.0
 70
32
 71
5
  1
1,820
100
AcDbAlignedDimension
 13
0.0
 23
9090.0
 33
0.0
 14
0.0
 24
7270.0
 34
0.0
 50
90.0
100
AcDbRotatedDimension
  0
DIMENSION
  5
350
330
17
100
AcDbEntity
  8
09寸法
100
AcDbDimension
280
0
  2
*D15
  3
JIS100
 10
-1200.0
 20
7270.0
 30
0.0
 11
-1015.0
 21
6815.0
 31
0.0
 70
32
 71
5
  1
910
100
AcDbAlignedDimension
 13
0.0
 23
7270.0
 33
0.0
 14
0.0
 24
6360.0
 34
0.0
 50
90.0
100
AcDbRotatedDimension
  0
DIMENSION
  5
35F
330
17
100
AcDbEntity
  8
09寸法
100
AcDbDimension
280
0
  2
*D16
  3
JIS100
 10
-1200.0
 20
6360.0
 30
0.0
 11
-1015.0
 21
5450.0
 31
0.0
 70
32
 71
5
  1
1,820
100
AcDbAlignedDimension
 13
0.0
 23
6360.0
 33
0.0
 14
0.0
 24
4540.0
 34
0.0
 50
90.0
100
AcDbRotatedDimension
  0
DIMENSION
  5
36E
330
17
100
AcDbEntity
  8
09寸法
100
AcDbDimension
280
0
  2
*D17
  3
JIS100
 10
-1200.0
 20
3540.0
 30
0.0
 11
-1535.0
 21
4040.0
 31
0.0
 70
32
 71
5
  1
1,000
100
AcDbAlignedDimension
 13
0.0
 23
3540.0
 33
0.0
 14
0.0
 24
4540.0
 34
0.0
 50
90.0
100
AcDbRotatedDimension
  0
DIMENSION
  5
37D
330
17
100
AcDbEntity
  8
09寸法
100
AcDbDimension
280
0
  2
*D18
  3
JIS100
 10
-2000.0
 20
4540.0
 30
0.0
 11
-2185.0
 21
7270.0
 31
0.0
 70
32
 71
5
  1
5,460
100
AcDbAlignedDimension
 13
0.0
 23
4540.0
 33
0.0
 14
0.0
 24
10000.0
 34
0.0
 50
90.0
100
AcDbRotatedDimension
  0
DIMENSION
  5
38C
330
17
100
AcDbEntity
  8
09寸法
100
AcDbDimension
280
0
  2
*D19
  3
JIS100
 10
-2800.0
 20
0.0
 30
0.0
 11
-2985.0
 21
6250.0
 31
0.0
 70
32
 71
5
  1
12,500
100
AcDbAlignedDimension
 13
0.0
 23
0.0
 33
0.0
 14
0.0
 24
12500.0
 34
0.0
 50
90.0
100
AcDbRotatedDimension
  0
DIMENSION
  5
39B
330
17
100
AcDbEntity
  8
09寸法
100
AcDbDimension
280
0
  2
*D20
  3
JIS100
 10
12380.0
 20
10000.0
 30
0.0
 11
12195.0
 21
11250.0
 31
0.0
 70
32
 71
5
  1
2,500
100
AcDbAlignedDimension
 13
10980.0
 23
10000.0
 33
0.0
 14
10980.0
 24
12500.0
 34
0.0
 50
90.0
100
AcDbRotatedDimension
  0
DIMENSION
  5
3AA
330
17
100
AcDbEntity
  8
09寸法
100
AcDbDimension
280
0
  2
*D21
  3
JIS100
 10
12380.0
 20
4540.0
 30
0.0
 11
12195.0
 21
7270.0
 31
0.0
 70
32
 71
5
  1
5,460
100
AcDbAlignedDimension
 13
10980.0
 23
4540.0
 33
0.0
 14
10980.0
 24
10000.0
 34
0.0
 50
90.0
100
AcDbRotatedDimension
  0
DIMENSION
  5
3B9
330
17
100
AcDbEntity
  8
09寸法
100
AcDbDimension
280
0
  2
*D22
  3
JIS100
 10
13180.0
 20
0.0
 30
0.0
 11
12995.0
 21
6250.0
 31
0.0
 70
32
 71
5
  1
12,500
100
AcDbAlignedDimension
 13
10980.0
 23
0.0
 33
0.0
 14
10980.0
 24
12500.0
 34
0.0
 50
90.0
100
AcDbRotatedDimension
  0
TEXT
  5
3C8
330
17
100
AcDbEntity
  8
08文字
100
AcDbText
 10
2155.0
 20
9545.0
 30
0.0
 40
300.0
  1
便所
  7
JP
 72
1
 11
2155.0
 21
9545.0
 31
0.0
100
AcDbText
 73
2
  0
TEXT
  5
3C9
330
17
100
AcDbEntity
  8
08文字
100
AcDbText
 10
2610.0
 20
8180.0
 30
0.0
 40
300.0
  1
浴室
  7
JP
 72
1
 11
2610.0
 21
8180.0
 31
0.0
100
AcDbText
 73
2
  0
TEXT
  5
3CA
330
17
100
AcDbEntity
  8
08文字
100
AcDbText
 10
4430.0
 20
9090.0
 30
0.0
 40
300.0
  1
洗面
  7
JP
 72
1
 11
4430.0
 21
9090.0
 31
0.0
100
AcDbText
 73
2
  0
TEXT
  5
3CB
330
17
100
AcDbEntity
  8
08文字
100
AcDbText
 10
4430.0
 20
8610.0
 30
0.0
 40
300.0
  1
洗濯室
  7
JP
 72
1
 11
4430.0
 21
8610.0
 31
0.0
100
AcDbText
 73
2
  0
TEXT
  5
3CC
330
17
100
AcDbEntity
  8
08文字
100
AcDbText
 10
6705.0
 20
9090.0
 30
0.0
 40
300.0
  1
階段
  7
JP
 72
1
 11
6705.0
 21
9090.0
 31
0.0
100
AcDbText
 73
2
  0
TEXT
  5
3CD
330
17
100
AcDbEntity
  8
08文字
100
AcDbText
 10
5795.0
 20
8635.0
 30
0.0
 40
300.0
  1
物入
  7
JP
 72
1
 11
5795.0
 21
8635.0
 31
0.0
100
AcDbText
 73
2
  0
TEXT
  5
3CE
330
17
100
AcDbEntity
  8
08文字
100
AcDbText
 10
4500.0
 20
6700.0
 30
0.0
 40
300.0
  1
LDK
  7
JP
 72
1
 11
4500.0
 21
6700.0
 31
0.0
100
AcDbText
 73
2
  0
TEXT
  5
3CF
330
17
100
AcDbEntity
  8
08文字
100
AcDbText
 10
8070.0
 20
8600.0
 30
0.0
 40
300.0
  1
玄関
  7
JP
 72
1
 11
8070.0
 21
8600.0
 31
0.0
100
AcDbText
 73
2
  0
TEXT
  5
3D0
330
17
100
AcDbEntity
  8
08文字
100
AcDbText
 10
8070.0
 20
6830.0
 30
0.0
 40
300.0
  1
ホール
  7
JP
 72
1
 11
8070.0
 21
6830.0
 31
0.0
100
AcDbText
 73
2
  0
TEXT
  5
3D1
330
17
100
AcDbEntity
  8
08文字
100
AcDbText
 10
9900.0
 20
9080.0
 30
0.0
 40
300.0
  1
ポーチ
  7
JP
 72
1
 11
9900.0
 21
9080.0
 31
0.0
100
AcDbText
 73
2
  0
TEXT
  5
3D2
330
17
100
AcDbEntity
  8
08文字
100
AcDbText
 10
4430.0
 20
3940.0
 30
0.0
 40
300.0
  1
テラス
  7
JP
 72
1
 11
4430.0
 21
3940.0
 31
0.0
100
AcDbText
 73
2
  0
TEXT
  5
3D3
330
17
100
AcDbEntity
  8
08文字
100
AcDbText
 10
7190.0
 20
11275.0
 30
0.0
 40
300.0
  1
駐車場
  7
JP
 72
1
 11
7190.0
 21
11275.0
 31
0.0
100
AcDbText
 73
2
  0
TEXT
  5
3D4
330
17
100
AcDbEntity
  8
08文字
100
AcDbText
 10
5490.0
 20
13200.0
 30
0.0
 40
300.0
  1
隣地境界線
  7
JP
 72
1
 11
5490.0
 21
13200.0
 31
0.0
100
AcDbText
 73
2
  0
TEXT
  5
3D5
330
17
100
AcDbEntity
  8
08文字
100
AcDbText
 10
-600.0
 20
2200.0
 30
0.0
 40
300.0
  1
隣地境界線
 50
90.0
  7
JP
 72
1
 11
-600.0
 21
2200.0
 31
0.0
100
AcDbText
 73
2
  0
TEXT
  5
3D6
330
17
100
AcDbEntity
  8
08文字
100
AcDbText
 10
2300.0
 20
-700.0
 30
0.0
 40
300.0
  1
隣地境界線
  7
JP
 72
1
 11
2300.0
 21
-700.0
 31
0.0
100
AcDbText
 73
2
  0
TEXT
  5
3D7
330
17
100
AcDbEntity
  8
08文字
100
AcDbText
 10
11580.0
 20
6000.0
 30
0.0
 40
300.0
  1
道路境界線
 50
90.0
  7
JP
 72
1
 11
11580.0
 21
6000.0
 31
0.0
100
AcDbText
 73
2
  0
TEXT
  5
3D8
330
17
100
AcDbEntity
  8
08文字
100
AcDbText
 10
2500.0
 20
11000.0
 30
0.0
 40
260.0
  1
アルミフェンス H=900
  7
JP
 72
1
 11
2500.0
 21
11000.0
 31
0.0
100
AcDbText
 73
2
  0
TEXT
  5
3D9
330
17
100
AcDbEntity
  8
08文字
100
AcDbText
 10
8000.0
 20
4100.0
 30
0.0
 40
260.0
  1
通し柱を示す
  7
JP
 72
1
 11
8000.0
 21
4100.0
 31
0.0
100
AcDbText
 73
2
  0
LINE
  5
3DA
330
17
100
AcDbEntity
  8
08文字
100
AcDbLine
 10
8770.0
 20
4180.0
 30
0.0
 11
8980.0
 21
4540.0
 31
0.0
  0
CIRCLE
  5
3DB
330
17
100
AcDbEntity
  8
10線一般(中線)
100
AcDbCircle
 10
-2200.0
 20
15100.0
 30
0.0
 40
700.0
  0
LWPOLYLINE
  5
3DC
330
17
100
AcDbEntity
  8
10線一般(中線)
100
AcDbPolyline
 90
3
 70
1
 10
-2200.0
 20
14400.0
 10
-2200.0
 20
15800.0
 10
-2445.0
 20
15030.0
  0
TEXT
  5
3DD
330
17
100
AcDbEntity
  8
10線一般(中線)
100
AcDbText
 10
-2200.0
 20
16150.0
 30
0.0
 40
350.0
  1
N
  7
JP
 72
1
 11
-2200.0
 21
16150.0
 31
0.0
100
AcDbText
 73
2
  0
CIRCLE
  5
3DE
330
17
100
AcDbEntity
  8
16外構
100
AcDbCircle
 10
3050.0
 20
1800.0
 30
0.0
 40
600.0
  0
CIRCLE
  5
3DF
330
17
100
AcDbEntity
  8
16外構
100
AcDbCircle
 10
3950.0
 20
1950.0
 30
0.0
 40
620.0
  0
CIRCLE
  5
3E0
330
17
100
AcDbEntity
  8
16外構
100
AcDbCircle
 10
4800.0
 20
1750.0
 30
0.0
 40
580.0
  0
CIRCLE
  5
3E1
330
17
100
AcDbEntity
  8
16外構
  6
DASHED
100
AcDbCircle
 10
5400.0
 20
1100.0
 30
0.0
 40
900.0
  0
CIRCLE
  5
3E2
330
17
100
AcDbEntity
  8
16外構
  6
DASHED
100
AcDbCircle
 10
7300.0
 20
1500.0
 30
0.0
 40
950.0
  0
CIRCLE
  5
3E3
330
17
100
AcDbEntity
  8
16外構
  6
DASHED
100
AcDbCircle
 10
9400.0
 20
1400.0
 30
0.0
 40
900.0
  0
LWPOLYLINE
  5
3E4
330
17
100
AcDbEntity
  8
14図枠
100
AcDbPolyline
 90
4
 70
1
 10
1290.0
 20
-6150.0
 10
9690.0
 20
-6150.0
 10
9690.0
 20
-5050.0
 10
1290.0
 20
-5050.0
  0
TEXT
  5
3E5
330
17
100
AcDbEntity
  8
14図枠
100
AcDbText
 10
5490.0
 20
-5600.0
 30
0.0
 40
500.0
  1
配置図兼1階平面図  S=1:100
  7
JP
 72
1
 11
5490.0
 21
-5600.0
 31
0.0
100
AcDbText
 73
2
  0
ENDSEC
  0
SECTION
  2
OBJECTS
  0
DICTIONARY
  5
A
330
0
100
AcDbDictionary
281
1
  3
ACAD_COLOR
350
B
  3
ACAD_GROUP
350
C
  3
ACAD_LAYOUT
350
D
  3
ACAD_MATERIAL
350
E
  3
ACAD_MLEADERSTYLE
350
F
  3
ACAD_MLINESTYLE
350
10
  3
ACAD_PLOTSETTINGS
350
11
  3
ACAD_PLOTSTYLENAME
350
12
  3
ACAD_SCALELIST
350
14
  3
ACAD_TABLESTYLE
350
15
  3
ACAD_VISUALSTYLE
350
16
  3
EZDXF_META
350
2D
  0
DICTIONARY
  5
B
330
A
100
AcDbDictionary
281
1
  0
DICTIONARY
  5
C
330
A
100
AcDbDictionary
281
1
  0
DICTIONARY
  5
D
330
A
100
AcDbDictionary
281
1
  3
Model
350
1A
  3
Layout1
350
1E
  0
DICTIONARY
  5
E
330
A
100
AcDbDictionary
281
1
  3
ByBlock
350
1F
  3
ByLayer
350
20
  3
Global
350
21
  0
DICTIONARY
  5
F
330
A
100
AcDbDictionary
281
1
  3
Standard
350
2C
  0
DICTIONARY
  5
10
330
A
100
AcDbDictionary
281
1
  3
Standard
350
22
  0
DICTIONARY
  5
11
330
A
100
AcDbDictionary
281
1
  0
ACDBDICTIONARYWDFLT
  5
12
330
A
100
AcDbDictionary
281
1
  3
Normal
350
13
100
AcDbDictionaryWithDefault
340
13
  0
ACDBPLACEHOLDER
  5
13
330
12
  0
DICTIONARY
  5
14
330
A
100
AcDbDictionary
281
1
  0
DICTIONARY
  5
15
330
A
100
AcDbDictionary
281
1
  0
DICTIONARY
  5
16
330
A
100
AcDbDictionary
281
1
  3
2dWireframe
350
5A
  3
Basic
350
5B
  3
Brighten
350
5C
  3
ColorChange
350
5D
  3
Conceptual
350
5E
  3
Dim
350
5F
  3
EdgeColorOff
350
60
  3
Facepattern
350
61
  3
Flat
350
62
  3
FlatWithEdges
350
63
  3
Gouraud
350
64
  3
GouraudWithEdges
350
65
  3
Hidden
350
66
  3
JitterOff
350
67
  3
Linepattern
350
68
  3
Modeling
350
69
  3
OverhangOff
350
6A
  3
Realistic
350
6B
  3
Shaded
350
6C
  3
Shaded with edges
350
6D
  3
Shades of Gray
350
6E
  3
Sketchy
350
6F
  3
Thicken
350
70
  3
Wireframe
350
71
  3
X-Ray
350
72
  0
LAYOUT
  5
1A
330
D
100
AcDbPlotSettings
  1

  4
A3
  6

 40
7.5
 41
20.0
 42
7.5
 43
20.0
 44
420.0
 45
297.0
 46
0.0
 47
0.0
 48
0.0
 49
0.0
140
0.0
141
0.0
142
1.0
143
1.0
 70
1024
 72
1
 73
0
 74
5
  7

 75
16
 76
0
 77
2
 78
300
147
1.0
148
0.0
149
0.0
100
AcDbLayout
  1
Model
 70
1
 71
0
 10
0.0
 20
0.0
 11
420.0
 21
297.0
 12
0.0
 22
0.0
 32
0.0
 14
1e+20
 24
1e+20
 34
1e+20
 15
-1e+20
 25
-1e+20
 35
-1e+20
146
0.0
 13
0.0
 23
0.0
 33
0.0
 16
1.0
 26
0.0
 36
0.0
 17
0.0
 27
1.0
 37
0.0
 76
1
330
17
  0
LAYOUT
  5
1E
330
D
100
AcDbPlotSettings
  1

  4
A3
  6

 40
7.5
 41
20.0
 42
7.5
 43
20.0
 44
420.0
 45
297.0
 46
0.0
 47
0.0
 48
0.0
 49
0.0
140
0.0
141
0.0
142
1.0
143
1.0
 70
0
 72
1
 73
0
 74
5
  7

 75
16
 76
0
 77
2
 78
300
147
1.0
148
0.0
149
0.0
100
AcDbLayout
  1
Layout1
 70
1
 71
1
 10
0.0
 20
0.0
 11
420.0
 21
297.0
 12
0.0
 22
0.0
 32
0.0
 14
1e+20
 24
1e+20
 34
1e+20
 15
-1e+20
 25
-1e+20
 35
-1e+20
146
0.0
 13
0.0
 23
0.0
 33
0.0
 16
1.0
 26
0.0
 36
0.0
 17
0.0
 27
1.0
 37
0.0
 76
1
330
1B
  0
MATERIAL
  5
1F
102
{ACAD_REACTORS
330
E
102
}
330
E
100
AcDbMaterial
  1
ByBlock
  2

 70
0
 40
1.0
 71
1
 41
1.0
 91
-1023410177
 42
1.0
 72
1
  3

 73
1
 74
1
 75
1
 44
0.5
 73
0
 45
1.0
 46
1.0
 77
1
  4

 78
1
 79
1
170
1
 48
1.0
171
1
  6

172
1
173
1
174
1
140
1.0
141
1.0
175
1
  7

176
1
177
1
178
1
143
1.0
179
1
  8

270
1
271
1
272
1
145
1.0
146
1.0
273
1
  9

274
1
275
1
276
1
 42
1.0
 72
1
  3

 73
1
 74
1
 75
1
 94
63
  0
MATERIAL
  5
20
102
{ACAD_REACTORS
330
E
102
}
330
E
100
AcDbMaterial
  1
ByLayer
  2

 70
0
 40
1.0
 71
1
 41
1.0
 91
-1023410177
 42
1.0
 72
1
  3

 73
1
 74
1
 75
1
 44
0.5
 73
0
 45
1.0
 46
1.0
 77
1
  4

 78
1
 79
1
170
1
 48
1.0
171
1
  6

172
1
173
1
174
1
140
1.0
141
1.0
175
1
  7

176
1
177
1
178
1
143
1.0
179
1
  8

270
1
271
1
272
1
145
1.0
146
1.0
273
1
  9

274
1
275
1
276
1
 42
1.0
 72
1
  3

 73
1
 74
1
 75
1
 94
63
  0
MATERIAL
  5
21
102
{ACAD_REACTORS
330
E
102
}
330
E
100
AcDbMaterial
  1
Global
  2

 70
0
 40
1.0
 71
1
 41
1.0
 91
-1023410177
 42
1.0
 72
1
  3

 73
1
 74
1
 75
1
 44
0.5
 73
0
 45
1.0
 46
1.0
 77
1
  4

 78
1
 79
1
170
1
 48
1.0
171
1
  6

172
1
173
1
174
1
140
1.0
141
1.0
175
1
  7

176
1
177
1
178
1
143
1.0
179
1
  8

270
1
271
1
272
1
145
1.0
146
1.0
273
1
  9

274
1
275
1
276
1
 42
1.0
 72
1
  3

 73
1
 74
1
 75
1
 94
63
  0
MLINESTYLE
  5
22
102
{ACAD_REACTORS
330
10
102
}
330
10
100
AcDbMlineStyle
  2
Standard
 70
0
  3

 62
256
 51
90.0
 52
90.0
 71
2
 49
0.5
 62
256
  6
BYLAYER
 49
-0.5
 62
256
  6
BYLAYER
  0
MLEADERSTYLE
  5
2C
102
{ACAD_REACTORS
330
F
102
}
330
F
100
AcDbMLeaderStyle
179
2
170
2
171
1
172
0
 90
2
 40
0.0
 41
0.0
173
1
 91
-1056964608
 92
-2
290
1
 42
2.0
291
1
 43
8.0
  3
Standard
 44
4.0
300

342
29
174
1
175
1
176
0
178
1
 93
-1056964608
 45
4.0
292
0
297
0
 46
4.0
 94
-1056964608
 47
1.0
 49
1.0
140
1.0
294
1
141
0.0
177
0
142
1.0
295
0
296
0
143
3.75
271
0
272
9
273
9
  0
DICTIONARY
  5
2D
330
A
100
AcDbDictionary
280
1
281
1
  3
CREATED_BY_EZDXF
350
2E
  3
WRITTEN_BY_EZDXF
350
3E8
  0
DICTIONARYVAR
  5
2E
330
2D
100
DictionaryVariables
280
0
  1
1.4.4 @ 2026-07-20T06:41:18.735034+00:00
  0
VISUALSTYLE
  5
5A
102
{ACAD_REACTORS
330
16
102
}
330
16
100
AcDbVisualStyle
  2
2dWireframe
 70
4
 90
0
 40
0.6
 62
7
290
0
291
0
  0
VISUALSTYLE
  5
5B
102
{ACAD_REACTORS
330
16
102
}
330
16
100
AcDbVisualStyle
  2
Basic
 70
7
 90
1
 40
0.6
 62
7
290
0
291
1
  0
VISUALSTYLE
  5
5C
102
{ACAD_REACTORS
330
16
102
}
330
16
100
AcDbVisualStyle
  2
Brighten
 70
12
 90
2
 40
0.6
 62
7
290
0
291
1
  0
VISUALSTYLE
  5
5D
102
{ACAD_REACTORS
330
16
102
}
330
16
100
AcDbVisualStyle
  2
ColorChange
 70
16
 90
2
 40
0.6
 62
8
290
0
291
1
  0
VISUALSTYLE
  5
5E
102
{ACAD_REACTORS
330
16
102
}
330
16
100
AcDbVisualStyle
  2
Conceptual
 70
9
 90
3
 40
0.6
 62
7
290
0
291
0
  0
VISUALSTYLE
  5
5F
102
{ACAD_REACTORS
330
16
102
}
330
16
100
AcDbVisualStyle
  2
Dim
 70
11
 90
2
 40
0.6
 62
7
290
0
291
1
  0
VISUALSTYLE
  5
60
102
{ACAD_REACTORS
330
16
102
}
330
16
100
AcDbVisualStyle
  2
EdgeColorOff
 70
22
 90
2
 40
0.6
 62
7
290
0
291
1
  0
VISUALSTYLE
  5
61
102
{ACAD_REACTORS
330
16
102
}
330
16
100
AcDbVisualStyle
  2
Facepattern
 70
15
 90
2
 40
0.6
 62
7
290
0
291
1
  0
VISUALSTYLE
  5
62
102
{ACAD_REACTORS
330
16
102
}
330
16
100
AcDbVisualStyle
  2
Flat
 70
0
 90
2
 40
0.6
 62
7
290
0
291
1
  0
VISUALSTYLE
  5
63
102
{ACAD_REACTORS
330
16
102
}
330
16
100
AcDbVisualStyle
  2
FlatWithEdges
 70
1
 90
2
 40
0.6
 62
7
290
0
291
1
  0
VISUALSTYLE
  5
64
102
{ACAD_REACTORS
330
16
102
}
330
16
100
AcDbVisualStyle
  2
Gouraud
 70
2
 90
2
 40
0.6
 62
7
290
0
291
1
  0
VISUALSTYLE
  5
65
102
{ACAD_REACTORS
330
16
102
}
330
16
100
AcDbVisualStyle
  2
GouraudWithEdges
 70
3
 90
2
 40
0.6
 62
7
290
0
291
1
  0
VISUALSTYLE
  5
66
102
{ACAD_REACTORS
330
16
102
}
330
16
100
AcDbVisualStyle
  2
Hidden
 70
6
 90
1
 40
0.6
 62
7
290
0
291
0
  0
VISUALSTYLE
  5
67
102
{ACAD_REACTORS
330
16
102
}
330
16
100
AcDbVisualStyle
  2
JitterOff
 70
20
 90
2
 40
0.6
 62
7
290
0
291
1
  0
VISUALSTYLE
  5
68
102
{ACAD_REACTORS
330
16
102
}
330
16
100
AcDbVisualStyle
  2
Linepattern
 70
14
 90
2
 40
0.6
 62
7
290
0
291
1
  0
VISUALSTYLE
  5
69
102
{ACAD_REACTORS
330
16
102
}
330
16
100
AcDbVisualStyle
  2
Modeling
 70
10
 90
2
 40
0.6
 62
7
290
0
291
0
  0
VISUALSTYLE
  5
6A
102
{ACAD_REACTORS
330
16
102
}
330
16
100
AcDbVisualStyle
  2
OverhangOff
 70
21
 90
2
 40
0.6
 62
7
290
0
291
1
  0
VISUALSTYLE
  5
6B
102
{ACAD_REACTORS
330
16
102
}
330
16
100
AcDbVisualStyle
  2
Realistic
 70
8
 90
2
 40
0.6
 62
7
290
0
291
0
  0
VISUALSTYLE
  5
6C
102
{ACAD_REACTORS
330
16
102
}
330
16
100
AcDbVisualStyle
  2
Shaded
 70
27
 90
2
 40
0.6
 62
7
290
0
291
0
  0
VISUALSTYLE
  5
6D
102
{ACAD_REACTORS
330
16
102
}
330
16
100
AcDbVisualStyle
  2
Shaded with edges
 70
26
 90
2
 40
0.6
 62
7
290
0
291
0
  0
VISUALSTYLE
  5
6E
102
{ACAD_REACTORS
330
16
102
}
330
16
100
AcDbVisualStyle
  2
Shades of Gray
 70
23
 90
2
 40
0.6
 62
7
290
0
291
0
  0
VISUALSTYLE
  5
6F
102
{ACAD_REACTORS
330
16
102
}
330
16
100
AcDbVisualStyle
  2
Sketchy
 70
24
 90
1
 40
0.6
 62
7
290
0
291
0
  0
VISUALSTYLE
  5
70
102
{ACAD_REACTORS
330
16
102
}
330
16
100
AcDbVisualStyle
  2
Thicken
 70
13
 90
2
 40
0.6
 62
7
290
0
291
1
  0
VISUALSTYLE
  5
71
102
{ACAD_REACTORS
330
16
102
}
330
16
100
AcDbVisualStyle
  2
Wireframe
 70
5
 90
0
 40
0.6
 62
7
290
0
291
0
  0
VISUALSTYLE
  5
72
102
{ACAD_REACTORS
330
16
102
}
330
16
100
AcDbVisualStyle
  2
X-Ray
 70
25
 90
2
 40
0.5
 62
7
290
0
291
0
  0
DICTIONARYVAR
  5
3E8
330
2D
100
DictionaryVariables
280
0
  1
1.4.4 @ 2026-07-20T06:41:18.780323+00:00
  0
ENDSEC
  0
EOF
